F,tie,t,la,lo,alt,sat,bat,tb,Press,Ti,Hi,To,Ho
1,2024-10-20 06:36:33,063633h,50189424N,19806631E,459,4,3152,14.3,95193,13.17,62.42,12.71,63.67
2,2024-10-21 06:37:26,063726h,50189469N,19806610E,444,4,3113,14.64,97410,13.75,60.54,12.67,62.45
3,2024-10-22 06:38:19,063759h,50189019N,19806934E,410,4,3086,14.88,97478,14.0,59.78,12.72,61.89
4,2024-10-23 06:39:12,063832h,50189195N,19806638E,467,4,3061,15.6,97478,14.17,59.4,12.68,63.5
5,2024-10-24 06:40:05,063939h,50189224N,19806690E,445,4,3013,15.28,97468,14.41,58.3,12.77,64.35
6,2024-10-25 06:40:58,063956h,50189293N,19806786E,440,4,3003,15.36,97493,14.45,57.89,12.81,64.12
7,2024-10-26 06:41:51,063958h,50189306N,19806758E,437,4,3008,15.36,97511,14.47,57.92,12.85,64.4
8,2024-10-27 06:42:43,063959h,50189319N,19806746E,437,4,3005,15.38,97506,14.45,57.91,12.88,63.99
9,2024-10-28 06:43:36,064000h,50189332N,19806734E,436,4,3005,15.38,97503,14.47,57.89,12.89,63.96
10,2024-10-29 06:44:29,064001h,50189339N,19806729E,436,4,3002,15.35,97511,14.45,57.87,12.88,63.9
11,2024-10-30 06:45:22,064002h,50189347N,19806729E,435,4,3010,15.36,97503,14.42,57.86,12.89,63.85
12,2024-10-31 06:46:15,064003h,50189348N,19806731E,435,4,3008,15.38,97504,14.47,57.91,12.89,63.75
13,2024-11-01 06:47:08,064004h,50189355N,19806735E,435,4,3002,15.39,97515,14.48,57.83,12.89,63.9
14,2024-11-02 06:48:01,064005h,50189383N,19806745E,434,4,2999,15.39,97506,14.47,57.83,12.92,64.71
15,2024-11-03 06:48:54,064006h,50189391N,19806742E,433,4,3000,15.39,97513,14.49,57.87,12.89,65.7
16,2024-11-04 06:49:47,064007h,50189396N,19806737E,434,4,3005,15.39,97507,14.48,57.85,12.91,66.32
17,2024-11-05 06:50:40,064008h,50189384N,19806753E,431,4,3005,15.39,97508,14.49,57.8,12.89,66.55
18,2024-11-06 06:51:33,064009h,50189388N,19806754E,430,4,3000,15.39,97504,14.48,57.83,12.94,66.52
19,2024-11-07 06:52:26,064010h,50189391N,19806746E,430,4,2995,15.39,97507,14.47,57.79,12.94,66.38
20,2024-11-08 06:53:19,064014h,50189353N,19806604E,423,4,3000,15.4,97500,14.51,57.79,12.89,65.7
21,2024-11-09 06:54:12,064015h,50189381N,19806600E,428,4,2993,15.42,97507,14.52,57.81,12.91,65.58
22,2024-11-10 06:55:05,064017h,50189378N,19806607E,434,4,2992,15.42,97506,14.49,57.79,12.91,65.26
23,2024-11-11 06:55:58,064018h,50189413N,19806594E,439,4,2991,15.43,97505,14.51,57.76,12.94,65.7
24,2024-11-12 06:56:51,064019h,50189419N,19806600E,444,4,2997,15.42,97505,14.52,57.76,12.92,64.81
25,2024-11-13 06:57:44,064020h,50189415N,19806604E,445,4,2995,15.43,97503,14.54,57.8,12.95,64.64
26,2024-11-14 06:58:37,064021h,50189415N,19806607E,445,4,2997,15.43,97512,14.51,57.77,12.91,64.68
27,2024-11-15 06:59:30,064022h,50189413N,19806617E,445,4,2997,15.44,97512,14.52,57.81,12.92,64.81
28,2024-11-16 07:00:23,064023h,50189414N,19806639E,445,4,2988,15.43,97505,14.52,57.81,12.89,64.76
29,2024-11-17 07:01:16,064024h,50189417N,19806653E,445,4,2988,15.44,97504,14.54,57.77,12.89,64.57
30,2024-11-18 07:02:09,064026h,50189418N,19806665E,448,4,3000,15.44,97505,14.54,57.8,12.91,64.4
31,2024-11-19 07:03:02,064027h,50189415N,19806670E,449,4,2988,15.46,97505,14.56,57.79,12.92,63.82
32,2024-11-20 07:03:55,064028h,50189411N,19806670E,449,4,2989,15.46,97509,14.54,57.79,12.91,63.61
33,2024-11-21 07:04:48,064029h,50189405N,19806668E,449,4,2994,15.46,97512,14.56,57.78,12.95,63.46
34,2024-11-22 07:05:41,064030h,50189402N,19806671E,450,4,2994,15.47,97510,14.55,57.75,12.96,63.52
35,2024-11-23 07:06:34,064031h,50189393N,19806662E,456,4,2992,15.48,97512,14.58,57.75,12.95,63.6
36,2024-11-24 07:07:27,064032h,50189396N,19806657E,457,4,2986,15.47,97511,14.59,57.79,12.95,63.56
37,2024-11-25 07:08:20,064033h,50189415N,19806634E,462,4,2986,15.48,97506,14.58,57.7,12.96,63.48
38,2024-11-26 07:09:13,064034h,50189412N,19806636E,463,4,2994,15.48,97514,14.58,57.75,12.98,63.47
39,2024-11-27 07:10:06,064035h,50189407N,19806636E,463,4,2989,15.47,97509,14.58,57.74,12.91,63.47
40,2024-11-28 07:10:59,064036h,50189411N,19806631E,462,4,2988,15.48,97505,14.58,57.73,12.94,63.45
41,2024-11-29 07:11:52,064037h,50189418N,19806629E,461,4,2984,15.51,97509,14.58,57.69,12.91,63.47
42,2024-11-30 07:12:45,064038h,50189425N,19806625E,461,4,2994,15.48,97513,14.59,57.67,12.88,63.48
43,2024-12-01 07:13:38,064039h,50189429N,19806623E,461,4,2996,15.5,97512,14.58,57.64,12.85,63.37
44,2024-12-02 07:14:31,064040h,50189425N,19806624E,461,5,2985,15.51,97505,14.59,57.64,12.85,63.24
45,2024-12-03 07:15:24,064041h,50189431N,19806621E,464,5,2984,15.51,97515,14.59,57.61,12.87,63.1
46,2024-12-04 07:16:17,064045h,50189454N,19806672E,429,5,2983,15.52,97508,14.62,57.61,12.87,63.44
47,2024-12-05 07:17:10,064046h,50189457N,19806663E,435,5,2983,15.52,97508,14.62,57.61,12.88,63.4
48,2024-12-06 07:18:03,064048h,50189463N,19806673E,439,5,2983,15.52,97513,14.64,57.62,12.87,63.23
49,2024-12-07 07:18:56,064049h,50189456N,19806679E,443,5,2991,15.55,97510,14.62,57.63,12.87,63.7
50,2024-12-08 07:19:49,064050h,50189467N,19806671E,445,5,2991,15.52,97519,14.68,57.57,12.89,62.9
51,2024-12-09 07:20:42,064051h,50189477N,19806673E,442,5,2993,15.55,97511,14.66,57.57,12.89,62.84
52,2024-12-10 07:21:35,064052h,50189454N,19806657E,446,5,2982,15.55,97517,14.62,57.57,12.91,62.78
53,2024-12-11 07:22:28,064053h,50189458N,19806650E,448,5,2980,15.55,97511,14.65,57.55,12.89,62.77
54,2024-12-12 07:23:21,064054h,50189459N,19806642E,450,5,2978,15.56,97509,14.64,57.56,12.89,62.71
55,2024-12-13 07:24:14,064055h,50189461N,19806632E,452,5,2984,15.56,97516,14.64,57.52,12.89,62.63
56,2024-12-14 07:25:07,064056h,50189458N,19806629E,454,5,2994,15.56,97518,14.65,57.51,12.89,62.51
57,2024-12-15 07:26:00,064057h,50189459N,19806624E,453,5,2986,15.56,97505,14.65,57.47,12.89,62.43
58,2024-12-16 07:26:53,064058h,50189453N,19806623E,453,5,2989,15.56,97517,14.65,57.52,12.91,62.31
59,2024-12-17 07:27:46,064059h,50189451N,19806627E,452,5,2989,15.56,97514,14.65,57.48,12.91,62.25
60,2024-12-18 07:28:39,064100h,50189453N,19806626E,450,5,2975,15.59,97513,14.68,57.46,12.91,62.17
61,2024-12-19 07:29:32,064101h,50189460N,19806627E,447,5,2978,15.6,97515,14.68,57.44,12.92,62.12
62,2024-12-20 07:30:25,064102h,50189458N,19806634E,444,5,2981,15.6,97520,14.68,57.46,12.92,62.3
63,2024-12-21 07:31:18,064103h,50189454N,19806641E,443,5,2986,15.6,97520,14.66,57.44,12.94,61.9
64,2024-12-22 07:32:11,064104h,50189451N,19806647E,442,5,2975,15.6,97511,14.68,57.46,12.92,61.79
65,2024-12-23 07:33:04,064105h,50189445N,19806651E,442,5,2986,15.6,97514,14.68,57.45,12.91,61.71
66,2024-12-24 07:33:57,064106h,50189441N,19806659E,442,5,2984,15.6,97516,14.69,57.43,12.94,61.67
67,2024-12-25 07:34:50,064107h,50189441N,19806662E,441,5,2984,15.6,97515,14.68,57.41,12.92,61.59
68,2024-12-26 07:35:43,064108h,50189443N,19806660E,440,5,2980,15.6,97519,14.69,57.41,12.89,61.54
69,2024-12-27 07:36:36,064109h,50189441N,19806661E,439,5,2980,15.6,97519,14.71,57.4,12.92,61.47
70,2024-12-28 07:37:29,064110h,50189434N,19806663E,440,7,2982,15.61,97511,14.69,57.4,12.92,61.43
71,2024-12-29 07:38:22,064111h,50189433N,19806664E,439,7,2981,15.63,97513,14.69,57.4,12.92,61.35
72,2024-12-30 07:39:15,064112h,50189428N,19806666E,439,7,2980,15.61,97514,14.71,57.37,12.94,61.32
73,2024-12-31 07:40:08,064115h,50189195N,19806859E,487,7,2977,15.64,97508,14.72,57.39,12.92,61.23
74,2025-01-01 07:41:01,064116h,50189301N,19806747E,449,7,2978,15.63,97511,14.73,57.38,12.94,61.17
75,2025-01-02 07:41:54,064118h,50189333N,19806718E,447,7,2982,15.64,97514,14.72,57.36,12.92,61.12
76,2025-01-03 07:42:47,064119h,50189350N,19806711E,450,7,2982,15.64,97506,14.69,57.33,12.94,61.1
77,2025-01-04 07:43:40,064120h,50189339N,19806708E,451,7,2978,15.67,97502,14.75,57.33,12.95,61.19
78,2025-01-05 07:44:33,064121h,50189361N,19806713E,449,7,2980,15.68,97507,14.75,57.31,12.96,61.27
79,2025-01-06 07:45:26,064122h,50189384N,19806719E,448,7,2978,15.67,97504,14.75,57.33,12.96,61.49
80,2025-01-07 07:46:19,064123h,50189385N,19806720E,449,7,2980,15.69,97511,14.75,57.3,12.94,61.6
81,2025-01-08 07:47:12,064124h,50189391N,19806720E,450,7,2972,15.69,97505,14.79,57.29,12.95,61.65
82,2025-01-09 07:48:05,064125h,50189393N,19806719E,450,7,2972,15.69,97508,14.79,57.26,12.96,61.74
83,2025-01-10 07:48:58,064126h,50189400N,19806710E,450,7,2980,15.69,97515,14.79,57.28,12.95,61.91
84,2025-01-11 07:49:51,064127h,50189406N,19806703E,451,7,2975,15.71,97515,14.78,57.23,12.94,62.2
85,2025-01-12 07:50:44,064128h,50189407N,19806695E,452,7,2977,15.71,97512,14.79,57.26,12.95,61.94
86,2025-01-13 07:51:37,064129h,50189411N,19806682E,453,7,2978,15.71,97515,14.79,57.18,12.95,61.88
87,2025-01-14 07:52:30,064130h,50189414N,19806675E,453,7,2969,15.71,97509,14.82,57.16,12.96,61.85
88,2025-01-15 07:53:23,064131h,50189415N,19806673E,453,7,2969,15.71,97506,14.79,57.14,12.98,61.82
89,2025-01-16 07:54:16,064132h,50189417N,19806668E,453,7,2970,15.72,97512,14.81,57.17,12.95,61.76
90,2025-01-17 07:55:09,064133h,50189418N,19806665E,453,7,2973,15.72,97514,14.81,57.15,12.99,61.76
91,2025-01-18 07:56:02,064134h,50189420N,19806660E,453,7,2975,15.72,97511,14.79,57.18,12.99,61.71
92,2025-01-19 07:56:55,064135h,50189424N,19806664E,453,7,2982,15.72,97516,14.82,57.13,45304,61.67
93,2025-01-20 07:57:48,064136h,50189424N,19806663E,453,7,2978,15.72,97512,14.83,57.13,12.99,61.63
94,2025-01-21 07:58:41,064137h,50189420N,19806666E,453,7,2977,15.72,97515,14.83,57.1,12.99,61.57
95,2025-01-22 07:59:34,064138h,50189420N,19806661E,453,7,2967,15.72,97514,14.83,57.9,45364,61.59
96,2025-01-23 08:00:27,064139h,50189419N,19806655E,454,7,2971,15.73,97520,14.83,57.12,45335,61.61
97,2025-01-24 08:01:20,064140h,50189416N,19806647E,454,7,2967,15.73,97517,14.81,57.11,12.99,61.68
98,2025-01-25 08:02:13,064141h,50189426N,19806646E,454,7,2967,15.76,97514,14.83,57.12,45335,61.86
99,2025-01-26 08:03:06,064142h,50189431N,19806643E,453,7,2974,15.75,97517,14.85,57.1,45335,61.92
100,2025-01-27 08:03:59,064143h,50189435N,19806637E,453,7,2970,15.73,97515,14.82,57.12,45335,61.88
101,2025-01-28 08:04:52,064147h,50189342N,19806706E,454,6,2961,15.77,97507,14.86,57.1,13.68,62.5
102,2025-01-29 08:05:45,064149h,50189215N,19806776E,450,7,2964,15.76,97516,14.85,57.1,13.51,62.69
103,2025-01-30 08:06:38,064150h,50189231N,19806751E,448,7,2964,15.77,97520,14.85,57.12,13.46,62.6
104,2025-01-31 08:07:31,064151h,50189235N,19806747E,451,7,2962,15.77,97519,14.83,57.7,13.41,62.45
105,2025-02-01 08:08:24,064152h,50189279N,19806693E,456,7,2972,15.77,97518,14.86,57.12,13.29,62.23
106,2025-02-02 08:09:17,064153h,50189316N,19806659E,458,7,2974,15.77,97522,14.86,57.12,13.19,61.88
107,2025-02-03 08:10:10,064154h,50189337N,19806643E,456,7,2967,15.77,97523,14.86,57.7,13.20,61.61
108,2025-02-04 08:11:03,064155h,50189345N,19806636E,456,7,2964,15.77,97522,14.86,57.7,13.16,61.35
109,2025-02-05 08:11:56,064156h,50189347N,19806632E,455,7,2971,15.79,97518,14.89,57.8,13.16,61.12
110,2025-02-06 08:12:49,064157h,50189350N,19806621E,455,7,2970,15.8,97519,14.89,57.9,45456,60.98
111,2025-02-07 08:13:42,064158h,50189360N,19806600E,454,7,2969,15.8,97521,14.89,57.12,45456,60.81
112,2025-02-08 08:14:35,064159h,50189361N,19806591E,454,7,2969,15.81,97511,14.89,57.1,45456,60.66
113,2025-02-09 08:15:28,064200h,50189361N,19806582E,454,7,2969,15.81,97519,14.89,57.6,45486,60.49
114,2025-02-10 08:16:21,064201h,50189359N,19806576E,454,7,2961,15.81,97523,14.89,57.1,45548,60.31
115,2025-02-11 08:17:14,064202h,50189357N,19806586E,455,7,2966,15.81,97527,14.90,57.7,45548,60.19
116,2025-02-12 08:18:07,064203h,50189361N,19806584E,455,7,2974,15.81,97516,14.93,57.1,45548,60.9
117,2025-02-13 08:19:00,064204h,50189366N,19806582E,455,7,2959,15.82,97518,14.92,57.9,45639,59.96
118,2025-02-14 08:19:53,064205h,50189369N,19806582E,455,7,2966,15.82,97519,14.92,57.5,45578,59.92
119,2025-02-15 08:20:46,064206h,50189372N,19806583E,455,7,2966,15.81,97519,14.93,57.3,45639,59.82
120,2025-02-16 08:21:39,064207h,50189373N,19806584E,455,7,2966,15.84,97515,14.93,57.5,13.16,59.81
121,2025-02-17 08:22:32,064208h,50189374N,19806587E,454,7,2961,15.82,97520,14.97,57.6,45639,59.8
122,2025-02-18 08:23:25,064209h,50189375N,19806589E,454,7,2961,15.85,97512,14.94,57.7,13.19,59.74
123,2025-02-19 08:24:18,064210h,50189375N,19806589E,454,7,2964,15.85,97519,14.94,57.7,13.19,59.68
124,2025-02-20 08:25:11,064211h,50189375N,19806588E,454,7,2961,15.85,97519,14.96,57.5,13.19,59.58
125,2025-02-21 08:26:04,064212h,50189373N,19806589E,454,7,2964,15.85,97513,14.97,57.5,13.22,59.56
126,2025-02-22 08:26:57,064213h,50189375N,19806588E,454,7,2960,15.85,97514,14.96,57.7,13.20,59.51
127,2025-02-23 08:27:50,064214h,50189375N,19806587E,454,7,2969,15.85,97514,14.97,57.6,13.17,59.52
128,2025-02-24 08:28:43,064218h,50189253N,19806485E,472,6,2964,15.86,97522,14.94,57.4,45456,59.62
129,2025-02-25 08:29:36,064220h,50189248N,19806514E,466,6,2966,15.86,97512,15.0,57.1,45335,59.53
130,2025-02-26 08:30:29,064221h,50189264N,19806510E,464,6,2966,15.89,97513,45306,57.11,45364,59.51
131,2025-02-27 08:31:22,064222h,50189226N,19806599E,452,7,2963,15.89,97506,45306,57.1,45364,59.54
132,2025-02-28 08:32:15,064223h,50189239N,19806583E,452,7,2963,15.89,97525,14.99,57.1,45425,59.6
133,2025-03-01 08:33:08,064224h,50189307N,19806554E,455,7,2955,15.89,97517,45397,57.14,45364,59.62
134,2025-03-02 08:34:01,064225h,50189325N,19806551E,458,7,2961,15.9,97520,45306,57.16,45304,59.68
135,2025-03-03 08:34:54,064226h,50189333N,19806567E,455,7,2963,15.89,97509,45366,57.17,45335,59.73
136,2025-03-04 08:35:47,064227h,50189340N,19806559E,455,7,2962,15.92,97513,45366,57.19,12.99,59.71
137,2025-03-05 08:36:40,064228h,50189348N,19806552E,456,7,2963,15.9,97518,45306,57.26,45304,59.75
138,2025-03-06 08:37:33,064229h,50189354N,19806543E,456,7,2964,15.9,97509,45366,57.25,45425,59.74
139,2025-03-07 08:38:26,064230h,50189356N,19806548E,455,7,2955,15.92,97502,45397,57.24,45425,59.79
140,2025-03-08 08:39:19,064231h,50189359N,19806540E,454,7,2959,15.93,97511,45488,57.25,45304,59.82
141,2025-03-09 08:40:12,064232h,50189352N,19806532E,452,7,2960,15.92,97522,45488,57.23,45425,59.97
142,2025-03-10 08:41:05,064233h,50189346N,19806519E,451,7,2953,15.93,97511,45488,57.22,45335,60.4
143,2025-03-11 08:41:58,064234h,50189342N,19806519E,450,7,2953,15.93,97507,45488,57.24,45364,60.8
144,2025-03-12 08:42:51,064235h,50189342N,19806516E,450,7,2953,15.93,97512,45519,57.27,12.99,60.14
145,2025-03-13 08:43:44,064236h,50189335N,19806509E,450,7,2961,15.93,97512,45488,57.28,45304,60.12
146,2025-03-14 08:44:37,064237h,50189333N,19806504E,449,6,2956,15.93,97511,45488,57.27,12.98,60.11
147,2025-03-15 08:45:30,064238h,50189335N,19806500E,449,7,2956,15.93,97515,45488,57.23,12.96,60.14
148,2025-03-16 08:46:23,064239h,50189329N,19806493E,448,7,2961,15.93,97514,45488,57.27,12.95,60.23
149,2025-03-17 08:47:16,064240h,50189331N,19806493E,447,7,2953,15.94,97511,45580,57.27,12.92,60.27
150,2025-03-18 08:48:09,064241h,50189337N,19806495E,448,7,2952,15.93,97510,45519,57.23,12.92,60.24
151,2025-03-19 08:49:02,064242h,50189338N,19806496E,448,7,2963,15.96,97509,45580,57.26,12.92,60.18
152,2025-03-20 08:49:55,064243h,50189340N,19806501E,448,7,2963,15.94,97517,45519,57.23,12.89,60.2
153,2025-03-21 08:50:48,064244h,50189344N,19806502E,448,7,2956,15.94,97510,45580,57.2,12.91,60.2
154,2025-03-22 08:51:41,064245h,50189345N,19806505E,448,7,2956,15.97,97513,45611,57.21,12.89,60.21
155,2025-03-23 08:52:34,064248h,50189378N,19806494E,431,7,2951,15.97,97513,45611,57.15,12.84,60.18
156,2025-03-24 08:53:27,064249h,50189272N,19806523E,436,7,2947,15.97,97509,45611,57.17,12.87,60.8
157,2025-03-25 08:54:20,064251h,50189238N,19806521E,449,7,2950,15.97,97509,15.13,57.1,12.81,59.92
158,2025-03-26 08:55:13,064252h,50189248N,19806512E,455,7,2955,15.97,97511,45611,57.1,12.85,59.87
159,2025-03-27 08:56:06,064253h,50189244N,19806505E,455,7,2964,15.97,97514,15.13,57.1,12.85,59.85
160,2025-03-28 08:56:59,064254h,50189238N,19806516E,460,7,2958,15.97,97512,15.13,57.11,12.87,59.82
161,2025-03-29 08:57:52,064255h,50189233N,19806531E,458,7,2947,15.98,97515,15.13,57.8,12.87,59.8
162,2025-03-30 08:58:45,064256h,50189233N,19806544E,455,7,2950,15.97,97514,15.14,57.9,12.89,59.88
163,2025-03-31 08:59:38,064257h,50189245N,19806544E,453,7,2952,15.97,97513,15.16,57.4,12.88,59.94
164,2025-04-01 09:00:31,064258h,50189293N,19806520E,448,7,2950,15.98,97514,15.16,57.3,12.88,59.96
165,2025-04-02 09:01:24,064259h,50189310N,19806518E,446,7,2959,15.98,97504,15.14,57.2,12.88,59.99
166,2025-04-03 09:02:17,064300h,50189315N,19806518E,445,7,2956,15.98,97511,15.16,56.96,12.88,59.99
167,2025-04-04 09:03:10,064301h,50189306N,19806534E,447,7,2956,16,97511,15.17,56.98,12.91,59.96
168,2025-04-05 09:04:03,064302h,50189303N,19806541E,448,7,2947,15.98,97516,15.14,56.94,12.89,60
169,2025-04-06 09:04:56,064303h,50189311N,19806541E,447,7,2945,16,97512,15.17,56.97,12.91,60.1
170,2025-04-07 09:05:49,064304h,50189319N,19806537E,446,7,2950,16,97513,15.14,56.97,12.88,60.2
171,2025-04-08 09:06:42,064305h,50189324N,19806538E,446,7,2951,16,97513,15.17,56.9,12.91,59.99
172,2025-04-09 09:07:35,064306h,50189327N,19806542E,445,7,2955,15.98,97516,15.14,56.93,12.92,59.97
173,2025-04-10 09:08:28,064307h,50189328N,19806542E,446,7,2950,16.1,97517,15.17,56.91,12.92,59.93
174,2025-04-11 09:09:21,064308h,50189331N,19806540E,446,7,2955,16.1,97512,15.16,56.89,12.94,59.9
175,2025-04-12 09:10:14,064309h,50189334N,19806540E,446,7,2953,16,97515,15.16,56.87,12.91,59.81
176,2025-04-13 09:11:07,064310h,50189337N,19806535E,446,7,2952,16.2,97514,15.18,56.85,12.88,59.69
177,2025-04-14 09:12:00,064311h,50189338N,19806539E,446,7,2945,16.2,97516,15.17,56.82,12.85,59.6
178,2025-04-15 09:12:53,064312h,50189343N,19806545E,446,7,2948,16.2,97514,15.16,56.83,12.88,59.48
179,2025-04-16 09:13:46,064313h,50189349N,19806550E,446,7,2948,16.3,97512,15.16,56.81,12.85,59.39
180,2025-04-17 09:14:39,064314h,50189354N,19806561E,446,7,2947,16.3,97515,15.18,56.83,12.87,59.29
181,2025-04-18 09:15:32,064315h,50189361N,19806570E,447,7,2953,16.3,97515,15.18,56.81,12.85,59.25
182,2025-04-19 09:16:25,064316h,50189371N,19806578E,447,7,2959,16.2,97513,15.17,56.79,12.84,59.22
183,2025-04-20 09:17:18,064319h,50189019N,19806480E,584,5,2938,16.4,97512,15.17,56.72,12.79,59.13
184,2025-04-21 09:18:11,064320h,50189119N,19806453E,566,7,2937,16.3,97517,15.17,56.73,12.81,59.8
185,2025-04-22 09:19:04,064322h,50189322N,19806541E,468,7,2939,16.4,97510,15.17,56.68,12.81,59.6
186,2025-04-23 09:19:57,064323h,50189303N,19806588E,456,7,2941,16.3,97512,15.18,56.69,12.82,59.5
187,2025-04-24 09:20:50,064324h,50189300N,19806602E,451,7,2949,16.4,97515,15.20,56.68,12.84,59.4
188,2025-04-25 09:21:43,064325h,50189307N,19806614E,453,7,2950,16.4,97515,15.17,56.69,12.85,59.4
189,2025-04-26 09:22:36,064326h,50189305N,19806614E,455,7,2941,16.4,97516,15.20,56.66,12.81,59.7
190,2025-04-27 09:23:29,064327h,50189311N,19806619E,455,7,2936,16.4,97519,15.18,56.65,12.81,59.3
191,2025-04-28 09:24:22,064328h,50189311N,19806613E,454,7,2942,16.4,97508,15.20,56.64,12.79,59.4
192,2025-04-29 09:25:15,064329h,50189317N,19806597E,453,7,2938,16.3,97514,15.21,56.61,12.79,59.5
193,2025-04-30 09:26:08,064330h,50189318N,19806594E,453,7,2945,16.4,97515,15.20,56.6,12.77,59.5
194,2025-05-01 09:27:01,064331h,50189321N,19806594E,453,7,2939,16.4,97514,15.20,56.59,12.77,59.6
195,2025-05-02 09:27:54,064332h,50189328N,19806589E,453,7,2936,16.5,97514,15.20,56.6,12.75,59.4
196,2025-05-03 09:28:47,064333h,50189334N,19806578E,453,7,2936,16.4,97513,15.21,56.6,12.77,59.7
197,2025-05-04 09:29:40,064334h,50189336N,19806575E,453,7,2940,16.4,97517,15.18,56.6,12.77,59.1
198,2025-05-05 09:30:33,064335h,50189342N,19806576E,453,7,2942,16.5,97512,15.21,56.56,12.78,59.16
199,2025-05-06 09:31:26,064336h,50189343N,19806569E,453,7,2944,16.4,97515,15.20,56.55,12.79,59.2
200,2025-05-07 09:32:19,064337h,50189349N,19806563E,452,7,2944,16.5,97514,15.20,56.55,12.81,59.23
201,2025-05-08 09:33:12,064338h,50189354N,19806561E,452,7,2947,16.4,97518,15.21,56.51,12.79,59.3
202,2025-05-09 09:34:05,064339h,50189357N,19806559E,451,7,2941,16.6,97512,15.20,56.51,12.79,59.33
203,2025-05-10 09:34:58,064340h,50189360N,19806558E,451,7,2937,16.5,97512,15.20,56.54,12.82,59.35
204,2025-05-11 09:35:51,064341h,50189364N,19806563E,450,7,2944,16.5,97513,15.20,56.48,12.79,59.39
205,2025-05-12 09:36:44,064342h,50189365N,19806562E,450,7,2937,16.5,97513,15.20,56.53,12.85,59.45
206,2025-05-13 09:37:37,064343h,50189366N,19806564E,449,7,2939,16.6,97520,15.21,56.45,12.81,59.49
207,2025-05-14 09:38:30,064344h,50189370N,19806566E,449,7,2942,16.6,97519,15.21,56.46,12.82,59.57
208,2025-05-15 09:39:23,064345h,50189370N,19806561E,448,7,2945,16.7,97517,15.21,56.45,12.81,59.6
209,2025-05-16 09:40:16,064346h,50189364N,19806561E,445,7,2942,16.6,97516,15.21,56.44,12.79,59.67
210,2025-05-17 09:41:09,064347h,50189362N,19806561E,444,7,2934,16.5,97519,15.21,56.43,12.77,59.74
211,2025-05-18 09:42:02,064352h,50189358N,19806599E,478,5,2933,16.6,97502,15.23,56.41,12.78,61.6
212,2025-05-19 09:42:55,064354h,50189305N,19806633E,463,7,2933,16.6,97506,15.21,56.38,12.77,61.17
213,2025-05-20 09:43:48,064355h,50189285N,19806645E,458,7,2933,16.1,97509,15.21,56.38,12.77,61.22
214,2025-05-21 09:44:41,064356h,50189277N,19806644E,458,7,2942,16.7,97509,15.23,56.39,12.78,61.38
215,2025-05-22 09:45:34,064357h,50189285N,19806638E,458,7,2940,16.9,97511,15.25,56.36,12.78,61.48
216,2025-05-23 09:46:27,064358h,50189294N,19806626E,456,7,2933,16.7,97515,15.21,56.34,12.88,61.65
217,2025-05-24 09:47:20,064359h,50189306N,19806612E,456,7,2929,16.7,97512,15.24,56.35,12.88,61.87
218,2025-05-25 09:48:13,064400h,50189308N,19806611E,456,7,2934,16.11,97513,15.23,56.33,12.89,62.14
219,2025-05-26 09:49:06,064401h,50189312N,19806609E,455,7,2933,16.1,97516,15.25,56.36,12.96,62.3
220,2025-05-27 09:49:59,064402h,50189314N,19806610E,453,7,2934,16.11,97509,15.24,56.31,12.99,62.56
221,2025-05-28 09:50:52,064403h,50189316N,19806606E,452,7,2941,16.11,97511,15.27,56.32,12.96,62.99
222,2025-05-29 09:51:45,064404h,50189318N,19806606E,452,7,2936,16.12,97514,15.25,56.28,12.96,63.41
223,2025-05-30 09:52:38,064405h,50189316N,19806601E,451,7,2929,16.12,97512,15.25,56.28,12.96,63.47
224,2025-05-31 09:53:31,064406h,50189315N,19806602E,451,7,2925,16.12,97515,15.28,56.32,12.99,63.48
225,2025-06-01 09:54:24,064407h,50189316N,19806598E,450,7,2929,16.12,97518,15.28,56.23,45335,63.58
226,2025-06-02 09:55:17,064408h,50189317N,19806599E,450,7,2933,16.11,97520,15.28,56.24,12.96,63.63
227,2025-06-03 09:56:10,064409h,50189319N,19806597E,450,7,2934,16.12,97519,15.27,56.23,12.98,63.48
228,2025-06-04 09:57:03,064410h,50189319N,19806593E,449,8,2926,16.12,97522,15.25,56.2,12.95,63.19
229,2025-06-05 09:57:56,064411h,50189325N,19806588E,448,8,2934,16.11,97521,15.25,56.27,12.99,62.82
230,2025-06-06 09:58:49,064412h,50189329N,19806581E,447,8,2936,16.12,97516,15.28,56.25,12.96,62.45
231,2025-06-07 09:59:42,064413h,50189331N,19806580E,447,7,2927,16.12,97524,15.27,56.25,12.98,62.12
232,2025-06-08 10:00:35,064414h,50189335N,19806574E,447,7,2926,16.14,97520,15.27,56.23,12.99,61.87
233,2025-06-09 10:01:28,064415h,50189339N,19806564E,448,8,2929,16.13,97520,15.27,56.25,45304,61.69
234,2025-06-10 10:02:21,064416h,50189342N,19806560E,448,8,2929,16.14,97515,15.27,56.25,45335,61.72
235,2025-06-11 10:03:14,064417h,50189342N,19806560E,448,8,2925,16.15,97523,15.28,56.22,45364,61.87
236,2025-06-12 10:04:07,064418h,50189342N,19806555E,449,8,2925,16.14,97516,15.30,56.19,45425,62.3
237,2025-06-13 10:05:00,064421h,50189291N,19806484E,440,5,2926,16.18,97510,15.30,56.19,45548,63.36
238,2025-06-14 10:05:53,064422h,50189319N,19806571E,454,6,2919,16.18,97517,15.34,56.18,45456,63.62
239,2025-06-15 10:06:46,064424h,50189309N,19806588E,448,8,2928,16.2,97515,15.34,56.16,45548,63.38
240,2025-06-16 10:07:39,064425h,50189348N,19806612E,453,8,2928,16.2,97525,15.34,56.14,45425,63
241,2025-06-17 10:08:32,064426h,50189345N,19806607E,453,8,2920,16.2,97525,15.35,56.14,45456,62.63
242,2025-06-18 10:09:25,064427h,50189354N,19806601E,453,8,2922,16.2,97527,15.37,56.1,45456,62.21
243,2025-06-19 10:10:18,064428h,50189370N,19806588E,452,8,2928,16.2,97527,15.33,56.8,45548,62.1
244,2025-06-20 10:11:11,064429h,50189369N,19806575E,452,8,2925,16.2,97527,15.35,56.6,45486,62.14
245,2025-06-21 10:12:04,064430h,50189371N,19806565E,451,8,2929,16.2,97527,15.37,56.6,45578,62.65
246,2025-06-22 10:12:57,064431h,50189368N,19806561E,450,8,2923,16.22,97526,15.38,56.3,45548,63.42
247,2025-06-23 10:13:50,064432h,50189367N,19806553E,450,8,2920,16.22,97528,15.37,56.5,45639,64.3
248,2025-06-24 10:14:43,064433h,50189360N,19806554E,450,8,2928,16.23,97528,15.38,56.3,45578,65.15
249,2025-06-25 10:15:36,064434h,50189360N,19806548E,450,8,2927,16.26,97527,15.37,56.1,45486,65.89
250,2025-06-26 10:16:29,064435h,50189362N,19806545E,450,8,2929,16.23,97531,15.40,56.3,45425,66.23
251,2025-06-27 10:17:22,064436h,50189363N,19806546E,450,8,2925,16.23,97527,15.38,56.2,45425,66.33
252,2025-06-28 10:18:15,064437h,50189367N,19806542E,450,8,2922,16.25,97524,15.38,55.98,45456,66.24
253,2025-06-29 10:19:08,064438h,50189368N,19806541E,450,8,2920,16.25,97528,15.40,56.1,45425,66.1
254,2025-06-30 10:20:01,064439h,50189366N,19806539E,451,8,2922,16.26,97528,15.38,56.2,45425,65.79
255,2025-07-01 10:20:54,064440h,50189366N,19806541E,450,8,2926,16.25,97535,15.40,55.99,45456,65.57
256,2025-07-02 10:21:47,064441h,50189367N,19806542E,450,8,2923,16.26,97524,15.38,55.99,45486,65.46
257,2025-07-03 10:22:40,064442h,50189371N,19806541E,450,7,2918,16.26,97517,15.40,55.97,45486,65.32
258,2025-07-04 10:23:33,064443h,50189375N,19806540E,449,8,2926,16.28,97525,15.40,55.98,45456,65.3
259,2025-07-05 10:24:26,064444h,50189376N,19806538E,449,8,2920,16.26,97529,15.38,55.98,45425,65.49
260,2025-07-06 10:25:19,064445h,50189378N,19806536E,450,8,2918,16.27,97525,15.41,55.95,45364,65.75
261,2025-07-07 10:26:12,064446h,50189380N,19806534E,450,8,2918,16.28,97519,15.40,55.96,45364,66
262,2025-07-08 10:27:05,064447h,50189380N,19806534E,449,8,2925,16.29,97528,15.40,55.93,45304,66.14
263,2025-07-09 10:27:58,064448h,50189381N,19806534E,449,8,2925,16.29,97527,15.42,55.95,45304,66.24
264,2025-07-10 10:28:51,064449h,50189384N,19806535E,450,8,2918,16.28,97527,15.41,55.96,45456,66.35
265,2025-07-11 10:29:44,064452h,50189394N,19806584E,454,8,2912,16.29,97523,15.42,55.95,45335,66.72
266,2025-07-12 10:30:37,064453h,50189452N,19806548E,458,8,2925,16.29,97534,15.40,55.92,45335,66.92
267,2025-07-13 10:31:30,064455h,50189419N,19806579E,458,8,2915,16.29,97524,15.41,55.86,45364,67.3
268,2025-07-14 10:32:23,064456h,50189410N,19806585E,456,8,2919,16.29,97525,15.44,55.86,45304,67.47
269,2025-07-15 10:33:16,064457h,50189402N,19806584E,456,8,2917,16.29,97524,15.42,55.91,45335,67.67
270,2025-07-16 10:34:09,064458h,50189399N,19806575E,457,8,2914,16.29,97531,15.42,55.86,12.99,67.9
271,2025-07-17 10:35:02,064459h,50189398N,19806569E,458,8,2920,16.3,97530,15.42,55.86,45335,68.11
272,2025-07-18 10:35:55,064500h,50189398N,19806563E,458,8,2917,16.29,97525,15.44,55.84,45364,68.29
273,2025-07-19 10:36:48,064501h,50189398N,19806555E,459,8,2912,16.3,97527,15.44,55.84,45335,68.51
274,2025-07-20 10:37:41,064502h,50189398N,19806548E,459,8,2922,16.29,97523,15.44,55.83,45335,68.73
275,2025-07-21 10:38:34,064503h,50189400N,19806540E,459,8,2914,16.32,97524,15.42,55.78,45304,68.96
276,2025-07-22 10:39:27,064504h,50189400N,19806536E,459,8,2919,16.31,97534,15.44,55.8,45335,69.2
277,2025-07-23 10:40:20,064505h,50189401N,19806534E,459,8,2920,16.32,97530,15.45,55.79,45304,69.45
278,2025-07-24 10:41:13,064506h,50189404N,19806532E,459,8,2922,16.31,97531,15.44,55.8,12.99,69.64
279,2025-07-25 10:42:06,064507h,50189405N,19806533E,459,8,2914,16.31,97527,15.42,55.79,12.99,69.86
280,2025-07-26 10:42:59,064508h,50189407N,19806534E,458,8,2917,16.32,97530,15.46,55.78,45304,70.3
281,2025-07-27 10:43:52,064509h,50189409N,19806536E,458,8,2919,16.31,97536,15.42,55.74,12.99,70.19
282,2025-07-28 10:44:45,064510h,50189408N,19806541E,457,8,2922,16.32,97524,15.44,55.75,12.96,70.37
283,2025-07-29 10:45:38,064511h,50189410N,19806544E,456,8,2903,16.32,97531,15.44,55.72,12.99,70.47
284,2025-07-30 10:46:31,064512h,50189409N,19806548E,456,8,2911,16.32,97526,15.44,55.73,12.98,70.51
285,2025-07-31 10:47:24,064513h,50189410N,19806548E,455,8,2914,16.32,97530,15.44,55.75,12.95,70.49
286,2025-08-01 10:48:17,064514h,50189411N,19806547E,455,8,2912,16.32,97528,15.46,55.73,12.98,70.51
287,2025-08-02 10:49:10,064515h,50189411N,19806547E,454,8,2909,16.34,97538,15.44,55.72,12.98,70.57
288,2025-08-03 10:50:03,064516h,50189410N,19806548E,454,8,2911,16.32,97534,15.45,55.69,12.95,70.7
289,2025-08-04 10:50:56,064517h,50189411N,19806547E,454,8,2920,16.32,97527,15.44,55.7,12.96,70.7
290,2025-08-05 10:51:49,064518h,50189410N,19806546E,454,8,2911,16.34,97533,15.46,55.72,12.94,70.56
291,2025-08-06 10:52:42,064519h,50189409N,19806545E,454,8,2907,16.35,97534,15.45,55.72,12.92,70.34
292,2025-08-07 10:53:35,064520h,50189409N,19806545E,454,8,2911,16.34,97533,15.46,55.67,12.92,70.2
293,2025-08-08 10:54:28,064523h,50189381N,19806528E,436,7,2904,16.36,97529,15.45,55.69,12.95,70.2
294,2025-08-09 10:55:21,064524h,50189319N,19806612E,435,8,2904,16.34,97529,15.48,55.68,12.94,70.32
295,2025-08-10 10:56:14,064526h,50189361N,19806584E,442,8,2911,16.36,97527,15.45,55.64,12.94,70.61
296,2025-08-11 10:57:07,064527h,50189384N,19806573E,445,8,2909,16.35,97532,15.46,55.65,12.91,70.75
297,2025-08-12 10:58:00,064528h,50189399N,19806568E,445,8,2914,16.35,97525,15.46,55.67,12.89,70.78
298,2025-08-13 10:58:53,064529h,50189405N,19806566E,446,8,2914,16.35,97526,15.46,55.67,12.88,70.57
299,2025-08-14 10:59:46,064530h,50189404N,19806569E,445,8,2916,16.35,97526,15.46,55.67,12.88,70.17
300,2025-08-15 11:00:39,064531h,50189404N,19806572E,445,8,2903,16.36,97531,15.45,55.67,12.85,69.71
301,2025-08-16 11:01:32,064532h,50189411N,19806566E,446,8,2916,16.35,97524,15.46,55.65,12.85,69.24
302,2025-08-17 11:02:25,064533h,50189415N,19806564E,447,8,2914,16.36,97531,15.46,55.63,12.85,68.84
303,2025-08-18 11:03:18,064534h,50189418N,19806565E,447,8,2912,16.36,97527,15.46,55.64,12.88,68.41
304,2025-08-19 11:04:11,064535h,50189419N,19806564E,447,8,2917,16.35,97527,15.46,55.63,12.85,67.91
305,2025-08-20 11:05:04,064536h,50189420N,19806562E,447,8,2904,16.36,97530,15.46,55.67,12.87,67.52
306,2025-08-21 11:05:57,064537h,50189419N,19806560E,447,8,2906,16.37,97527,15.48,55.64,12.85,67.22
307,2025-08-22 11:06:50,064538h,50189418N,19806558E,447,8,2904,16.36,97533,15.46,55.64,12.84,67.21
308,2025-08-23 11:07:43,064539h,50189418N,19806557E,447,8,2903,16.36,97532,15.48,55.64,12.87,67.28
309,2025-08-24 11:08:36,064540h,50189419N,19806556E,447,8,2911,16.36,97524,15.46,55.63,12.85,67.44
310,2025-08-25 11:09:29,064541h,50189420N,19806556E,447,8,2906,16.36,97530,15.49,55.64,12.82,67.7
311,2025-08-26 11:10:22,064542h,50189419N,19806556E,447,8,2901,16.37,97535,15.49,55.65,12.84,67.99
312,2025-08-27 11:11:15,064543h,50189419N,19806556E,447,8,2909,16.37,97533,15.46,55.67,12.84,68.25
313,2025-08-28 11:12:08,064544h,50189418N,19806556E,447,8,2906,16.36,97529,15.48,55.64,12.84,68.44
314,2025-08-29 11:13:01,064545h,50189418N,19806555E,448,8,2901,16.36,97527,15.46,55.63,12.82,68.68
315,2025-08-30 11:13:54,064546h,50189418N,19806553E,448,8,2903,16.37,97527,15.48,55.64,12.84,68.92
316,2025-08-31 11:14:47,064547h,50189418N,19806552E,449,8,2901,16.37,97525,15.45,55.64,12.84,69.17
317,2025-09-01 11:15:40,064548h,50189418N,19806552E,449,8,2900,16.37,97530,15.48,55.66,12.81,69.39
318,2025-09-02 11:16:33,064549h,50189419N,19806551E,450,8,2904,16.37,97526,15.49,55.64,12.81,69.6
319,2025-09-03 11:17:26,064550h,50189419N,19806551E,450,8,2909,16.36,97529,15.49,55.66,12.81,69.74
320,2025-09-04 11:18:19,064551h,50189419N,19806549E,451,8,2898,16.37,97533,15.48,55.64,12.82,69.93
321,2025-09-05 11:19:12,064554h,50189484N,19806422E,477,7,2895,16.37,97526,15.48,55.66,12.79,70.28
322,2025-09-06 11:20:05,064555h,50189446N,19806485E,467,8,2893,16.37,97534,15.49,55.67,12.81,70.4
323,2025-09-07 11:20:58,064557h,50189432N,19806540E,467,8,2898,16.37,97535,15.46,55.65,12.79,70.4
324,2025-09-08 11:21:51,064558h,50189457N,19806566E,466,8,2895,16.37,97535,15.48,55.68,12.79,70.37
325,2025-09-09 11:22:44,064559h,50189463N,19806559E,467,8,2901,16.37,97528,15.48,55.67,12.78,70.34
326,2025-09-10 11:23:37,064600h,50189455N,19806561E,464,8,2908,16.37,97535,15.49,55.67,12.77,70.26
327,2025-09-11 11:24:30,064601h,50189453N,19806562E,462,8,2905,16.37,97534,15.49,55.72,12.78,70.2
328,2025-09-12 11:25:23,064602h,50189451N,19806559E,461,8,2906,16.37,97529,15.48,55.67,12.77,70.12
329,2025-09-13 11:26:16,064603h,50189450N,19806560E,460,8,2904,16.38,97529,15.51,55.67,12.74,70.4
330,2025-09-14 11:27:09,064604h,50189451N,19806558E,459,8,2905,16.37,97535,15.51,55.69,12.74,70.2
331,2025-09-15 11:28:02,064605h,50189453N,19806557E,458,8,2904,16.37,97530,15.49,55.68,12.74,69.96
332,2025-09-16 11:28:55,064606h,50189453N,19806557E,458,8,2909,16.37,97532,15.49,55.69,12.74,69.92
333,2025-09-17 11:29:48,064607h,50189453N,19806555E,458,8,2895,16.38,97531,15.48,55.71,12.74,69.88
334,2025-09-18 11:30:41,064608h,50189451N,19806556E,458,8,2897,16.37,97529,15.49,55.72,12.71,69.85
335,2025-09-19 11:31:34,064609h,50189450N,19806556E,458,8,2896,16.38,97526,15.49,55.7,12.71,69.75
336,2025-09-20 11:32:27,064610h,50189450N,19806558E,458,8,2900,16.38,97531,15.48,55.72,12.70,69.73
337,2025-09-21 11:33:20,064611h,50189450N,19806559E,458,8,2897,16.37,97529,15.48,55.73,12.70,69.72
338,2025-09-22 11:34:13,064612h,50189450N,19806559E,458,8,2889,16.37,97537,15.48,55.75,12.70,69.69
339,2025-09-23 11:35:06,064613h,50189450N,19806559E,457,8,2895,16.37,97528,15.51,55.76,12.70,69.74
340,2025-09-24 11:35:59,064614h,50189449N,19806557E,457,8,2895,16.37,97530,15.49,55.77,12.68,69.67
341,2025-09-25 11:36:52,064615h,50189449N,19806557E,457,8,2901,16.37,97525,15.48,55.76,12.67,69.58
342,2025-09-26 11:37:45,064616h,50189449N,19806557E,457,8,2893,16.39,97531,15.49,55.74,12.68,69.54
343,2025-09-27 11:38:38,064617h,50189447N,19806554E,457,8,2898,16.38,97539,15.49,55.76,12.68,69.46
344,2025-09-28 11:39:31,064618h,50189446N,19806552E,457,8,2895,16.38,97532,15.51,55.78,12.65,69.44
345,2025-09-29 11:40:24,064619h,50189444N,19806551E,456,8,2894,16.39,97530,15.52,55.82,12.67,69.37
346,2025-09-30 11:41:17,064620h,50189443N,19806550E,456,8,2898,16.38,97536,15.49,55.78,12.67,69.4
347,2025-10-01 11:42:10,064621h,50189442N,19806550E,456,8,2898,16.38,97532,15.49,55.78,12.67,69.46
348,2025-10-02 11:43:03,064622h,50189440N,19806548E,456,8,2898,16.39,97531,15.49,55.81,12.65,69.48
349,2025-10-03 11:43:56,064625h,50189438N,19806490E,467,7,2884,16.38,97531,15.51,55.84,12.64,69.41
350,2025-10-04 11:44:49,064626h,50189396N,19806573E,465,7,2887,16.38,97529,15.48,55.84,12.65,69.37
351,2025-10-05 11:45:42,064628h,50189389N,19806567E,464,8,2887,16.39,97540,15.49,55.86,12.64,69.34
352,2025-10-06 11:46:35,064629h,50189398N,19806551E,463,8,2889,16.38,97533,15.51,55.88,12.61,69.37
353,2025-10-07 11:47:28,064630h,50189409N,19806537E,464,8,2900,16.38,97527,15.51,55.85,12.62,69.4
354,2025-10-08 11:48:21,064631h,50189419N,19806537E,464,8,2895,16.39,97530,15.49,55.89,12.62,69.42
355,2025-10-09 11:49:14,064632h,50189425N,19806534E,465,8,2896,16.38,97531,15.51,55.9,12.62,69.47
356,2025-10-10 11:50:07,064633h,50189426N,19806531E,464,8,2897,16.39,97530,15.51,55.9,12.61,69.5
357,2025-10-11 11:51:00,064634h,50189427N,19806534E,463,8,2895,16.39,97539,15.51,55.9,12.60,69.56
358,2025-10-12 11:51:53,064635h,50189429N,19806534E,463,8,2887,16.38,97529,15.49,55.89,12.58,69.54
359,2025-10-13 11:52:46,064636h,50189428N,19806534E,463,8,2900,16.39,97532,15.52,55.89,12.57,69.48
360,2025-10-14 11:53:39,064637h,50189426N,19806535E,463,8,2893,16.38,97533,15.48,55.89,12.55,69.38
361,2025-10-15 11:54:32,064638h,50189426N,19806532E,463,8,2886,16.38,97527,15.51,55.93,12.55,69.31
362,2025-10-16 11:55:25,064639h,50189426N,19806529E,463,8,2892,16.39,97532,15.49,55.93,12.55,69.32
363,2025-10-17 11:56:18,064640h,50189426N,19806527E,463,8,2886,16.4,97528,15.52,55.94,12.57,69.39
364,2025-10-18 11:57:11,064641h,50189426N,19806526E,463,8,2886,16.38,97535,15.51,55.93,12.55,69.49
365,2025-10-19 11:58:04,064642h,50189426N,19806523E,463,8,2889,16.4,97527,15.48,55.97,12.55,69.64
366,2025-10-20 11:58:57,064643h,50189426N,19806524E,463,8,2882,16.4,97536,15.51,55.98,12.53,69.74
367,2025-10-21 11:59:50,064644h,50189427N,19806524E,463,8,2890,16.38,97532,15.51,55.97,12.54,69.87
368,2025-10-22 12:00:43,064645h,50189427N,19806524E,462,8,2890,16.39,97530,15.51,55.97,12.53,69.95
369,2025-10-23 12:01:36,064646h,50189427N,19806522E,462,8,2894,16.39,97531,15.52,56,12.51,69.96
370,2025-10-24 12:02:29,064647h,50189427N,19806521E,462,8,2890,16.39,97534,15.51,56.1,12.50,69.94
371,2025-10-25 12:03:22,064648h,50189427N,19806521E,462,8,2889,16.4,97531,15.51,56,12.50,69.94
372,2025-10-26 12:04:15,064649h,50189427N,19806520E,462,8,2889,16.4,97528,15.52,56.3,12.53,69.86
373,2025-10-27 12:05:08,064650h,50189427N,19806520E,462,8,2887,16.4,97532,15.51,56.1,12.50,69.71
374,2025-10-28 12:06:01,064651h,50189426N,19806519E,462,8,2886,16.4,97527,15.52,56.6,12.50,69.66
375,2025-10-29 12:06:54,064652h,50189425N,19806520E,462,8,2890,16.4,97532,15.51,56.4,12.48,69.54
376,2025-10-30 12:07:47,064653h,50189424N,19806522E,462,8,2889,16.39,97530,15.52,56.6,12.47,69.53
377,2025-10-31 12:08:40,064656h,50189343N,19806480E,495,8,2882,16.4,97525,15.52,56.13,12.48,69.76
378,2025-11-01 12:09:33,064657h,50189288N,19806562E,469,8,2887,16.39,97524,15.51,56.9,12.46,69.95
379,2025-11-02 12:10:26,064659h,50189305N,19806591E,465,8,2882,16.39,97526,15.52,56.12,12.43,70.28
380,2025-11-03 12:11:19,064700h,50189318N,19806592E,460,8,2881,16.38,97534,15.51,56.15,12.44,70.41
381,2025-11-04 12:12:12,064701h,50189325N,19806573E,464,7,2884,16.39,97526,15.51,56.15,12.47,70.48
382,2025-11-05 12:13:05,064702h,50189332N,19806566E,464,8,2884,16.4,97525,15.52,56.16,12.42,70.63
383,2025-11-06 12:13:58,064703h,50189340N,19806565E,462,8,2881,16.4,97536,15.49,56.16,12.43,70.71
384,2025-11-07 12:14:51,064704h,50189344N,19806566E,459,8,2882,16.39,97530,15.51,56.19,12.42,70.78
385,2025-11-08 12:15:44,064705h,50189350N,19806567E,459,8,2876,16.4,97533,15.49,56.19,12.43,70.81
386,2025-11-09 12:16:37,064706h,50189355N,19806565E,459,8,2881,16.39,97535,15.51,56.18,12.42,70.81
387,2025-11-10 12:17:30,064707h,50189360N,19806562E,459,8,2881,16.38,97528,15.51,56.22,12.42,70.82
388,2025-11-11 12:18:23,064708h,50189366N,19806560E,458,8,2886,16.38,97530,15.49,56.2,12.42,70.83
389,2025-11-12 12:19:16,064709h,50189369N,19806558E,457,8,2887,16.39,97527,15.51,56.19,12.42,70.85
390,2025-11-13 12:20:09,064710h,50189375N,19806556E,457,8,2887,16.38,97539,15.51,56.24,12.39,70.81
391,2025-11-14 12:21:02,064711h,50189379N,19806555E,456,8,2884,16.39,97527,15.51,56.25,12.40,70.91
392,2025-11-15 12:21:55,064712h,50189381N,19806555E,456,8,2875,16.39,97531,15.51,56.24,12.40,70.91
393,2025-11-16 12:22:48,064713h,50189384N,19806555E,456,8,2876,16.38,97529,15.48,56.27,12.39,71.1
394,2025-11-17 12:23:41,064714h,50189385N,19806554E,456,8,2882,16.38,97532,15.49,56.29,12.40,71.7
395,2025-11-18 12:24:34,064715h,50189388N,19806551E,457,8,2886,16.38,97527,15.49,56.26,12.39,71.7
396,2025-11-19 12:25:27,064716h,50189391N,19806548E,457,8,2876,16.39,97529,15.49,56.26,12.37,71.5
397,2025-11-20 12:26:20,064717h,50189394N,19806546E,457,8,2894,16.38,97529,15.49,56.3,12.37,71.5
398,2025-11-21 12:27:13,064718h,50189396N,19806546E,457,8,2887,16.39,97527,15.52,56.32,12.40,71.1
399,2025-11-22 12:28:06,064719h,50189398N,19806545E,457,8,2873,16.38,97529,15.48,56.28,12.39,70.91
400,2025-11-23 12:28:59,064720h,50189399N,19806544E,458,8,2878,16.38,97529,15.52,56.29,12.39,70.77
401,2025-11-24 12:29:52,064721h,50189401N,19806545E,457,8,2881,16.38,97529,15.52,56.3,12.39,70.72
402,2025-11-25 12:30:45,064722h,50189403N,19806544E,458,8,2875,16.38,97531,15.51,56.35,12.39,70.65
403,2025-11-26 12:31:38,064723h,50189405N,19806546E,457,8,2878,16.37,97527,15.49,56.33,12.39,70.54
404,2025-11-27 12:32:31,064724h,50189406N,19806547E,457,8,2879,16.38,97528,15.51,56.35,12.37,70.5
405,2025-11-28 12:33:24,064727h,50189457N,19806531E,455,7,2876,16.38,97531,15.51,56.36,12.37,70.53
406,2025-11-29 12:34:17,064728h,50189418N,19806572E,465,8,2878,16.38,97532,15.48,56.39,12.33,70.53
407,2025-11-30 12:35:10,064730h,50189438N,19806561E,463,8,2881,16.37,97532,15.48,56.38,12.35,70.42
408,2025-12-01 12:36:03,064731h,50189437N,19806552E,463,8,2878,16.38,97531,15.48,56.39,12.35,70.46
409,2025-12-02 12:36:56,064732h,50189444N,19806546E,463,8,2876,16.37,97527,15.49,56.41,12.37,70.4
410,2025-12-03 12:37:49,064733h,50189445N,19806540E,465,8,2875,16.38,97531,15.48,56.39,12.35,70.43
411,2025-12-04 12:38:42,064734h,50189445N,19806536E,466,8,2878,16.38,97537,15.46,56.44,12.36,70.44
412,2025-12-05 12:39:35,064735h,50189444N,19806536E,465,8,2878,16.37,97542,15.51,56.43,12.37,70.47
413,2025-12-06 12:40:28,064736h,50189441N,19806536E,465,8,2879,16.37,97536,15.49,56.45,12.37,70.5
414,2025-12-07 12:41:21,064737h,50189439N,19806536E,465,8,2876,16.38,97527,15.48,56.45,12.33,70.51
415,2025-12-08 12:42:14,064738h,50189436N,19806534E,466,8,2879,16.37,97531,15.46,56.43,12.35,70.58
416,2025-12-09 12:43:07,064739h,50189432N,19806534E,466,8,2882,16.37,97528,15.48,56.45,12.32,70.57
417,2025-12-10 12:44:00,064740h,50189429N,19806532E,466,8,2872,16.37,97533,15.48,56.51,12.32,70.57
418,2025-12-11 12:44:53,064741h,50189426N,19806531E,466,8,2876,16.37,97531,15.49,56.48,12.36,70.54
419,2025-12-12 12:45:46,064742h,50189422N,19806531E,465,8,2878,16.37,97529,15.48,56.5,12.32,70.51
420,2025-12-13 12:46:39,064743h,50189420N,19806530E,465,8,2868,16.37,97536,15.48,56.5,12.32,70.51
421,2025-12-14 12:47:32,064744h,50189419N,19806527E,465,8,2874,16.37,97538,15.48,56.5,12.32,70.54
422,2025-12-15 12:48:25,064745h,50189418N,19806526E,464,8,2876,16.37,97532,15.46,56.55,12.32,70.6
423,2025-12-16 12:49:18,064746h,50189415N,19806526E,464,8,2878,16.37,97532,15.48,56.51,12.32,70.63
424,2025-12-17 12:50:11,064747h,50189414N,19806526E,464,8,2879,16.36,97536,15.46,56.53,12.32,70.64
425,2025-12-18 12:51:04,064748h,50189412N,19806527E,463,8,2876,16.37,97527,15.46,56.53,12.30,70.5
426,2025-12-19 12:51:57,064749h,50189410N,19806529E,463,8,2868,16.37,97526,15.46,56.53,12.27,70.25
427,2025-12-20 12:52:50,064750h,50189409N,19806529E,463,8,2873,16.37,97534,15.46,56.54,12.32,70.5
428,2025-12-21 12:53:43,064751h,50189407N,19806530E,462,8,2875,16.37,97529,15.46,56.61,12.29,69.82
429,2025-12-22 12:54:36,064752h,50189406N,19806531E,462,8,2867,16.36,97534,15.46,56.54,12.29,69.64
430,2025-12-23 12:55:29,064753h,50189404N,19806533E,461,8,2873,16.37,97527,15.49,56.58,12.29,69.38
431,2025-12-24 12:56:22,064754h,50189403N,19806534E,461,8,2873,16.37,97530,15.49,56.58,12.29,69.13
432,2025-12-25 12:57:15,064755h,50189403N,19806534E,460,8,2873,16.37,97534,15.45,56.61,12.29,68.82
433,2025-12-26 12:58:08,064758h,50189370N,19806551E,441,8,2865,16.36,97529,15.48,56.65,12.26,67.62
434,2025-12-27 12:59:01,064759h,50189381N,19806580E,451,8,2868,16.36,97529,15.46,56.65,12.26,67.25
435,2025-12-28 12:59:54,064801h,50189390N,19806579E,445,8,2873,16.36,97527,15.46,56.69,12.27,66.92
436,2025-12-29 13:00:47,064802h,50189385N,19806584E,448,8,2881,16.37,97525,15.46,56.66,12.26,66.86
437,2025-12-30 13:01:40,064803h,50189387N,19806584E,449,8,2873,16.37,97532,15.46,56.67,12.27,66.86
438,2025-12-31 13:02:33,064804h,50189389N,19806582E,449,8,2870,16.37,97533,15.46,56.66,12.26,66.94
439,2026-01-01 13:03:26,064805h,50189396N,19806574E,449,8,2872,16.37,97537,15.46,56.7,12.23,66.98
440,2026-01-02 13:04:19,064806h,50189400N,19806573E,449,8,2873,16.35,97534,15.48,56.69,12.25,67.9
441,2026-01-03 13:05:12,064807h,50189403N,19806575E,450,8,2868,16.37,97528,15.45,56.74,12.26,67.18
442,2026-01-04 13:06:05,064808h,50189406N,19806572E,450,8,2871,16.37,97532,15.46,56.74,12.23,67.3
443,2026-01-05 13:06:58,064809h,50189406N,19806571E,450,8,2871,16.37,97531,15.46,56.71,12.27,67.38
444,2026-01-06 13:07:51,064810h,50189407N,19806569E,450,8,2865,16.36,97538,15.46,56.76,12.26,67.47
445,2026-01-07 13:08:44,064811h,50189409N,19806568E,450,8,2866,16.36,97535,15.46,56.73,12.23,67.56
446,2026-01-08 13:09:37,064812h,50189410N,19806567E,451,8,2871,16.36,97532,15.46,56.76,12.25,67.64
447,2026-01-09 13:10:30,064813h,50189411N,19806569E,450,8,2865,16.36,97533,15.48,56.8,12.26,67.69
448,2026-01-10 13:11:23,064814h,50189412N,19806571E,450,8,2867,16.36,97533,15.48,56.81,12.23,67.69
449,2026-01-11 13:12:16,064815h,50189411N,19806574E,450,8,2870,16.36,97534,15.45,56.79,12.23,67.76
450,2026-01-12 13:13:09,064816h,50189411N,19806575E,449,8,2870,16.36,97533,15.45,56.79,12.23,67.81
451,2026-01-13 13:14:02,064817h,50189409N,19806575E,449,8,2860,16.36,97530,15.45,56.82,12.23,67.94
452,2026-01-14 13:14:55,064818h,50189409N,19806575E,449,8,2876,16.36,97530,15.44,56.82,12.25,68.8
453,2026-01-15 13:15:48,064819h,50189407N,19806576E,449,8,2864,16.36,97534,15.48,56.83,12.25,68.22
454,2026-01-16 13:16:41,064820h,50189406N,19806576E,449,8,2868,16.37,97538,15.46,56.89,12.25,68.28
455,2026-01-17 13:17:34,064821h,50189405N,19806576E,449,8,2871,16.36,97539,15.45,56.87,12.23,68.31
456,2026-01-18 13:18:27,064822h,50189404N,19806576E,449,8,2859,16.36,97535,15.46,56.89,12.22,68.36
457,2026-01-19 13:19:20,064823h,50189404N,19806575E,450,8,2865,16.36,97535,15.45,56.91,12.25,68.39
458,2026-01-20 13:20:13,064824h,50189404N,19806575E,450,8,2870,16.36,97533,15.45,56.91,12.22,68.42
459,2026-01-21 13:21:06,064825h,50189404N,19806574E,450,8,2860,16.37,97538,15.44,56.91,12.23,68.43
460,2026-01-22 13:21:59,064826h,50189404N,19806575E,451,8,2867,16.36,97528,15.46,56.94,12.22,68.39
461,2026-01-23 13:22:52,064829h,50189441N,19806584E,441,7,2864,16.36,97530,15.45,56.96,12.23,68.43
462,2026-01-24 13:23:45,064830h,50189364N,19806630E,453,7,2865,16.34,97530,15.46,56.96,12.22,68.47
463,2026-01-25 13:24:38,064832h,50189378N,19806610E,454,7,2865,16.36,97534,15.45,57,12.22,68.48
464,2026-01-26 13:25:31,064833h,50189390N,19806592E,454,7,2865,16.35,97542,15.44,56.98,12.22,68.46
465,2026-01-27 13:26:24,064834h,50189387N,19806578E,452,8,2867,16.35,97528,15.48,57,12.22,68.42
466,2026-01-28 13:27:17,064835h,50189381N,19806573E,452,8,2856,16.35,97533,15.44,57.1,12.20,68.33
467,2026-01-29 13:28:10,064836h,50189382N,19806565E,454,8,2867,16.35,97531,15.44,57.4,12.22,68.34
468,2026-01-30 13:29:03,064837h,50189384N,19806558E,455,8,2872,16.36,97533,15.45,57.4,12.20,68.35
469,2026-01-31 13:29:56,064838h,50189384N,19806553E,456,8,2867,16.36,97537,15.45,57.5,12.22,68.38
470,2026-02-01 13:30:49,064839h,50189385N,19806551E,457,8,2868,16.35,97534,15.44,57.7,12.23,68.41
471,2026-02-02 13:31:42,064840h,50189386N,19806551E,457,8,2868,16.34,97541,15.45,57.7,12.20,68.41
472,2026-02-03 13:32:35,064841h,50189374N,19806569E,451,8,2867,16.35,97529,15.44,57.1,12.22,68.45
473,2026-02-04 13:33:28,064842h,50189376N,19806565E,452,8,2867,16.35,97533,15.45,57.9,12.22,68.54
474,2026-02-05 13:34:21,064843h,50189374N,19806568E,450,8,2864,16.35,97530,15.45,57.12,12.19,68.57
475,2026-02-06 13:35:14,064844h,50189374N,19806567E,450,8,2864,16.35,97530,15.46,57.14,12.20,68.67
476,2026-02-07 13:36:07,064845h,50189370N,19806570E,449,8,2859,16.36,97533,15.45,57.14,12.20,68.72
477,2026-02-08 13:37:00,064846h,50189365N,19806575E,448,8,2860,16.36,97537,15.48,57.16,12.19,68.72
478,2026-02-09 13:37:53,064847h,50189364N,19806576E,447,8,2864,16.36,97533,15.45,57.17,12.18,68.78
479,2026-02-10 13:38:46,064848h,50189364N,19806577E,446,8,2864,16.36,97534,15.44,57.17,12.18,68.79
480,2026-02-11 13:39:39,064849h,50189365N,19806575E,447,8,2862,16.35,97533,15.45,57.17,12.18,68.85
481,2026-02-12 13:40:32,064850h,50189365N,19806574E,446,8,2865,16.36,97536,15.45,57.17,12.18,68.89
482,2026-02-13 13:41:25,064851h,50189365N,19806572E,446,8,2865,16.34,97533,15.45,57.23,12.18,68.94
483,2026-02-14 13:42:18,064852h,50189366N,19806570E,447,8,2857,16.34,97537,15.44,57.19,12.19,68.99
484,2026-02-15 13:43:11,064853h,50189367N,19806570E,446,8,2860,16.35,97534,15.44,57.24,12.16,69.1
485,2026-02-16 13:44:04,064854h,50189369N,19806569E,446,8,2864,16.35,97530,15.46,57.24,12.16,69.1
486,2026-02-17 13:44:57,064855h,50189370N,19806569E,447,8,2864,16.34,97539,15.45,57.26,12.18,69.8
487,2026-02-18 13:45:50,064856h,50189370N,19806567E,447,8,2859,16.35,97532,15.45,57.32,12.18,69.13
488,2026-02-19 13:46:43,064857h,50189370N,19806566E,446,8,2864,16.35,97530,15.44,57.26,12.16,69.12
489,2026-02-20 13:47:36,064900h,50189364N,19806532E,447,8,2860,16.35,97528,15.45,57.3,45638,69.2
490,2026-02-21 13:48:29,064901h,50189347N,19806560E,452,8,2857,16.35,97539,15.42,57.3,12.13,69.28
491,2026-02-22 13:49:22,064903h,50189329N,19806575E,452,8,2868,16.34,97536,15.45,57.36,12.15,69.31
492,2026-02-23 13:50:15,064904h,50189330N,19806572E,453,8,2860,16.35,97532,15.42,57.36,45638,69.28
493,2026-02-24 13:51:08,064905h,50189331N,19806563E,453,8,2853,16.35,97535,15.42,57.35,12.13,69.3
494,2026-02-25 13:52:01,064906h,50189332N,19806557E,453,8,2862,16.36,97536,15.42,57.38,45608,69.32
495,2026-02-26 13:52:54,064907h,50189335N,19806552E,453,8,2859,16.36,97534,15.42,57.37,45638,69.41
496,2026-02-27 13:53:47,064908h,50189337N,19806547E,454,8,2864,16.37,97538,15.45,57.43,45547,69.46
497,2026-02-28 13:54:40,064909h,50189342N,19806544E,454,8,2860,16.34,97528,15.45,57.39,45547,69.54
498,2026-03-01 13:55:33,064910h,50189344N,19806543E,454,8,2860,16.35,97527,15.44,57.42,45608,69.61
499,2026-03-02 13:56:26,064911h,50189348N,19806540E,454,8,2859,16.36,97536,15.42,57.41,45516,69.61
500,2026-03-03 13:57:19,064912h,50189350N,19806539E,454,8,2854,16.35,97532,15.46,57.43,45455,69.4
501,2026-03-04 13:58:12,064913h,50189352N,19806539E,454,8,2857,16.35,97528,15.42,57.43,45516,68.96
502,2026-03-05 13:59:05,064914h,50189354N,19806540E,453,8,2854,16.34,97533,15.45,57.41,45455,68.5
503,2026-03-06 13:59:58,064915h,50189355N,19806541E,453,8,2859,16.34,97534,15.45,57.43,45547,68.11
504,2026-03-07 14:00:51,064916h,50189357N,19806543E,453,8,2860,16.35,97529,15.44,57.41,45455,67.81
505,2026-03-08 14:01:44,064917h,50189358N,19806544E,452,8,2862,16.35,97533,15.45,57.44,45363,67.57
506,2026-03-09 14:02:37,064918h,50189359N,19806546E,452,7,2859,16.35,97539,15.45,57.45,45424,67.42
507,2026-03-10 14:03:30,064919h,50189360N,19806549E,451,8,2857,16.34,97531,15.45,57.45,45363,67.16
508,2026-03-11 14:04:23,064920h,50189361N,19806548E,451,8,2857,16.34,97532,15.44,57.44,11.99,66.87
509,2026-03-12 14:05:16,064921h,50189363N,19806548E,450,8,2854,16.34,97534,15.45,57.46,45334,66.65
510,2026-03-13 14:06:09,064922h,50189365N,19806548E,450,8,2855,16.35,97528,15.44,57.42,45363,66.53
511,2026-03-14 14:07:02,064923h,50189367N,19806548E,449,8,2857,16.35,97533,15.41,57.44,45334,66.43
512,2026-03-15 14:07:55,064924h,50189368N,19806549E,449,8,2854,16.35,97533,15.45,57.44,45303,66.39
513,2026-03-16 14:08:48,064925h,50189369N,19806547E,448,8,2857,16.36,97536,15.42,57.48,11.99,66.33
514,2026-03-17 14:09:41,064926h,50189370N,19806547E,448,8,2854,16.35,97537,15.45,57.47,45334,66.4
515,2026-03-18 14:10:34,064927h,50189370N,19806549E,448,8,2857,16.35,97535,15.45,57.49,45363,66.51
516,2026-03-19 14:11:27,064928h,50189371N,19806549E,448,8,2859,16.36,97539,15.42,57.43,45363,66.61
517,2026-03-20 14:12:20,064931h,50189345N,19806545E,451,8,2854,16.34,97542,15.44,57.48,45303,67.8
518,2026-03-21 14:13:13,064932h,50189344N,19806571E,461,8,2855,16.35,97534,15.45,57.49,11.99,67.22
519,2026-03-22 14:14:06,064934h,50189364N,19806565E,456,8,2851,16.35,97539,15.42,57.5,45334,67.42
520,2026-03-23 14:14:59,064935h,50189372N,19806577E,453,8,2854,16.34,97536,15.44,57.48,45303,67.51
521,2026-03-24 14:15:52,064936h,50189377N,19806583E,451,8,2856,16.34,97537,15.45,57.5,11.98,67.51
522,2026-03-25 14:16:45,064937h,50189381N,19806586E,449,8,2846,16.36,97534,15.45,57.5,45303,67.47
523,2026-03-26 14:17:38,064938h,50189389N,19806585E,448,8,2856,16.35,97542,15.41,57.48,11.99,67.33
524,2026-03-27 14:18:31,064939h,50189396N,19806581E,447,8,2862,16.34,97536,15.45,57.52,45334,67.21
525,2026-03-28 14:19:24,064940h,50189399N,19806580E,447,8,2849,16.34,97532,15.44,57.49,45303,67.7
526,2026-03-29 14:20:17,064941h,50189405N,19806579E,446,8,2856,16.34,97534,15.44,57.5,45334,66.92
527,2026-03-30 14:21:10,064942h,50189406N,19806581E,446,7,2851,16.34,97536,15.45,57.45,45303,66.77
528,2026-03-31 14:22:03,064943h,50189408N,19806582E,446,8,2857,16.34,97540,15.44,57.52,45334,66.68
529,2026-04-01 14:22:56,064944h,50189410N,19806580E,446,8,2856,16.34,97537,15.42,57.48,45303,66.63
530,2026-04-02 14:23:49,064945h,50189411N,19806581E,445,8,2859,16.35,97536,15.44,57.52,45303,66.61
531,2026-04-03 14:24:42,064946h,50189410N,19806583E,445,8,2856,16.34,97535,15.46,57.52,45334,66.67
532,2026-04-04 14:25:35,064947h,50189408N,19806585E,444,8,2854,16.32,97539,15.44,57.54,45334,66.74
533,2026-04-05 14:26:28,064948h,50189404N,19806585E,445,8,2854,16.34,97533,15.44,57.51,45334,66.86
534,2026-04-06 14:27:21,064949h,50189402N,19806585E,445,8,2854,16.34,97540,15.45,57.53,45334,66.96
535,2026-04-07 14:28:14,064950h,50189399N,19806585E,445,8,2857,16.35,97534,15.45,57.53,45334,67.9
536,2026-04-08 14:29:07,064951h,50189396N,19806583E,445,8,2854,16.34,97541,15.45,57.54,11.99,67.21
537,2026-04-09 14:30:00,064952h,50189394N,19806581E,445,8,2856,16.34,97529,15.45,57.52,45363,67.32
538,2026-04-10 14:30:53,064953h,50189392N,19806581E,445,8,2856,16.34,97536,15.44,57.52,45334,67.44
539,2026-04-11 14:31:46,064954h,50189389N,19806581E,444,8,2849,16.35,97531,15.42,57.52,45303,67.65
540,2026-04-12 14:32:39,064955h,50189388N,19806582E,444,8,2857,16.34,97536,15.45,57.54,11.99,67.83
541,2026-04-13 14:33:32,064956h,50189386N,19806581E,444,8,2856,16.35,97534,15.42,57.57,45303,67.99
542,2026-04-14 14:34:25,064957h,50189385N,19806581E,444,8,2854,16.34,97539,15.45,57.55,45334,68.3
543,2026-04-15 14:35:18,064958h,50189384N,19806581E,444,8,2854,16.34,97532,15.42,57.52,45303,68.14
544,2026-04-16 14:36:11,064959h,50189383N,19806581E,444,8,2848,16.34,97542,15.46,57.55,11.99,68.21
545,2026-04-17 14:37:04,065002h,50189419N,19806477E,459,8,2854,16.34,97534,15.44,57.55,45334,68.54
546,2026-04-18 14:37:57,065003h,50189377N,19806551E,445,8,2860,16.34,97532,15.44,57.55,45303,68.56
547,2026-04-19 14:38:50,065005h,50189391N,19806564E,455,8,2850,16.34,97534,15.44,57.59,11.98,68.47
548,2026-04-20 14:39:43,065006h,50189396N,19806554E,456,8,2851,16.35,97534,15.45,57.59,11.99,68.41
549,2026-04-21 14:40:36,065007h,50189400N,19806551E,458,8,2849,16.32,97540,15.42,57.61,11.99,68.38
550,2026-04-22 14:41:29,065008h,50189400N,19806553E,458,8,2848,16.34,97535,15.45,57.6,45334,68.33
551,2026-04-23 14:42:22,065009h,50189398N,19806555E,457,8,2853,16.34,97532,15.42,57.6,11.99,68.18
552,2026-04-24 14:43:15,065010h,50189398N,19806553E,457,8,2851,16.34,97534,15.44,57.59,11.99,67.99
553,2026-04-25 14:44:08,065011h,50189399N,19806551E,456,8,2846,16.32,97536,15.45,57.57,11.99,67.84
554,2026-04-26 14:45:01,065012h,50189398N,19806547E,456,8,2851,16.32,97533,15.45,57.64,45334,67.72
555,2026-04-27 14:45:54,065013h,50189397N,19806543E,457,8,2853,16.34,97533,15.44,57.65,45303,67.58
556,2026-04-28 14:46:47,065014h,50189398N,19806541E,457,8,2855,16.32,97531,15.44,57.67,11.99,67.44
557,2026-04-29 14:47:40,065015h,50189398N,19806538E,457,8,2851,16.34,97533,15.45,57.63,11.99,67.31
558,2026-04-30 14:48:33,065016h,50189398N,19806538E,458,8,2851,16.32,97536,15.44,57.66,45303,67.21
559,2026-05-01 14:49:26,065017h,50189397N,19806538E,458,8,2859,16.34,97538,15.45,57.64,11.99,67.18
560,2026-05-02 14:50:19,065018h,50189397N,19806538E,458,8,2854,16.32,97534,15.42,57.65,45303,67.21
561,2026-05-03 14:51:12,065019h,50189398N,19806537E,457,8,2854,16.34,97538,15.45,57.7,11.99,67.26
562,2026-05-04 14:52:05,065020h,50189399N,19806538E,457,8,2854,16.34,97528,15.44,57.69,11.99,67.2
563,2026-05-05 14:52:58,065021h,50189399N,19806538E,457,8,2851,16.34,97541,15.44,57.67,11.99,67.22
564,2026-05-06 14:53:51,065022h,50189400N,19806537E,456,8,2853,16.32,97534,15.44,57.69,45303,67.23
565,2026-05-07 14:54:44,065023h,50189399N,19806537E,455,8,2849,16.34,97530,15.44,57.69,45363,67.23
566,2026-05-08 14:55:37,065024h,50189400N,19806536E,455,8,2851,16.32,97540,15.44,57.68,45334,67.3
567,2026-05-09 14:56:30,065025h,50189399N,19806536E,454,8,2854,16.34,97533,15.45,57.7,45334,67.37
568,2026-05-10 14:57:23,065026h,50189398N,19806537E,454,8,2849,16.34,97540,15.45,57.74,45334,67.49
569,2026-05-11 14:58:16,065027h,50189399N,19806537E,454,8,2856,16.34,97539,15.42,57.7,45303,67.63
570,2026-05-12 14:59:09,065028h,50189397N,19806538E,454,8,2848,16.34,97540,15.44,57.71,11.99,67.78
571,2026-05-13 15:00:02,065029h,50189397N,19806540E,453,8,2849,16.32,97536,15.44,57.74,45303,67.94
572,2026-05-14 15:00:55,065030h,50189396N,19806542E,453,8,2849,16.34,97535,15.44,57.77,45303,68.9
573,2026-05-15 15:01:48,065033h,50189442N,19806504E,453,7,2848,16.32,97542,15.42,57.75,11.99,68.19
574,2026-05-16 15:02:41,065034h,50189394N,19806592E,454,8,2848,16.34,97533,15.46,57.81,11.98,68.2
575,2026-05-17 15:03:34,065036h,50189400N,19806582E,456,8,2846,16.32,97539,15.42,57.78,45334,68.24
576,2026-05-18 15:04:27,065037h,50189406N,19806574E,457,8,2846,16.32,97533,15.44,57.79,45303,68.27
577,2026-05-19 15:05:20,065038h,50189406N,19806571E,456,8,2853,16.34,97541,15.44,57.76,45303,68.4
578,2026-05-20 15:06:13,065039h,50189404N,19806571E,456,8,2848,16.34,97539,15.42,57.81,45303,68.53
579,2026-05-21 15:07:06,065040h,50189407N,19806567E,456,8,2848,16.35,97540,15.46,57.79,45334,68.65
580,2026-05-22 15:07:59,065041h,50189405N,19806569E,454,8,2846,16.32,97538,15.44,57.82,45303,68.79
581,2026-05-23 15:08:52,065042h,50189405N,19806567E,454,8,2848,16.34,97534,15.45,57.85,45334,68.88
582,2026-05-24 15:09:45,065043h,50189405N,19806567E,453,7,2854,16.32,97540,15.45,57.82,45334,69
583,2026-05-25 15:10:38,065044h,50189407N,19806568E,453,8,2851,16.32,97533,15.45,57.84,45334,69.15
584,2026-05-26 15:11:31,065045h,50189407N,19806569E,453,8,2859,16.32,97535,15.46,57.86,45303,69.19
585,2026-05-27 15:12:24,065046h,50189408N,19806567E,453,8,2846,16.32,97531,15.42,57.86,45303,69.22
586,2026-05-28 15:13:17,065047h,50189407N,19806566E,453,8,2850,16.34,97537,15.45,57.88,45334,69.22
587,2026-05-29 15:14:10,065048h,50189406N,19806563E,454,8,2848,16.32,97541,15.42,57.88,45303,69.31
588,2026-05-30 15:15:03,065049h,50189405N,19806561E,454,8,2845,16.32,97538,15.42,57.93,45334,69.37
589,2026-05-31 15:15:56,065050h,50189404N,19806559E,454,8,2851,16.32,97537,15.45,57.9,45303,69.35
590,2026-06-01 15:16:49,065051h,50189404N,19806559E,455,8,2848,16.32,97535,15.45,57.92,11.99,69.24
591,2026-06-02 15:17:42,065052h,50189405N,19806558E,455,8,2849,16.32,97532,15.44,57.89,45303,69.4
592,2026-06-03 15:18:35,065053h,50189406N,19806557E,455,8,2848,16.32,97533,15.44,57.91,11.99,68.82
593,2026-06-04 15:19:28,065054h,50189407N,19806555E,455,8,2845,16.34,97535,15.44,57.96,45334,68.56
594,2026-06-05 15:20:21,065055h,50189407N,19806551E,455,8,2849,16.32,97531,15.44,57.93,45363,68.36
595,2026-06-06 15:21:14,065056h,50189407N,19806551E,455,8,2851,16.34,97535,15.42,57.95,45303,68.24
596,2026-06-07 15:22:07,065057h,50189407N,19806551E,456,8,2853,16.32,97534,15.45,57.96,45334,68.22
597,2026-06-08 15:23:00,065058h,50189405N,19806549E,456,8,2854,16.32,97536,15.42,57.93,45363,68.26
598,2026-06-09 15:23:53,065059h,50189404N,19806550E,456,8,2842,16.34,97535,15.45,57.99,45334,68.31
599,2026-06-10 15:24:46,065100h,50189403N,19806551E,455,8,2846,16.34,97540,15.44,57.99,45363,68.36
600,2026-06-11 15:25:39,065101h,50189404N,19806551E,454,13,2820,16.34,97534,15.45,58.1,45363,68.41
601,2026-06-12 15:26:32,065104h,50189367N,19806545E,441,12,2813,16.34,97534,15.45,58.3,45363,68.9
602,2026-06-13 15:27:25,065105h,50189368N,19806541E,442,12,2808,16.32,97539,15.46,58.6,45334,69.6
603,2026-06-14 15:28:18,065107h,50189370N,19806539E,443,13,2810,16.32,97538,15.44,58.5,45363,69.37
604,2026-06-15 15:29:11,065108h,50189375N,19806544E,443,13,2815,16.32,97535,15.42,58.4,45424,69.55
605,2026-06-16 15:30:04,065109h,50189375N,19806545E,442,13,2812,16.34,97530,15.44,58.7,45334,69.7
606,2026-06-17 15:30:57,065110h,50189376N,19806548E,442,13,2817,16.32,97534,15.46,58.8,45424,69.84
607,2026-06-18 15:31:50,065111h,50189378N,19806554E,443,13,2802,16.34,97532,15.45,58.9,45334,69.93
608,2026-06-19 15:32:43,065112h,50189379N,19806557E,443,13,2810,16.34,97534,15.42,58.11,45303,69.95
609,2026-06-20 15:33:36,065113h,50189380N,19806559E,443,13,2812,16.34,97534,15.45,58.1,45334,69.87
610,2026-06-21 15:34:29,065114h,50189379N,19806564E,443,13,2813,16.34,97539,15.44,58.11,45363,69.65
611,2026-06-22 15:35:22,065115h,50189380N,19806566E,443,13,2813,16.35,97537,15.45,58.11,45363,69.57
612,2026-06-23 15:36:15,065116h,50189381N,19806567E,443,13,2812,16.34,97533,15.46,58.15,45334,69.47
613,2026-06-24 15:37:08,065117h,50189382N,19806567E,443,13,2809,16.34,97534,15.44,58.14,45334,69.47
614,2026-06-25 15:38:01,065118h,50189381N,19806567E,443,13,2810,16.34,97532,15.44,58.16,45334,69.51
615,2026-06-26 15:38:54,065119h,50189381N,19806566E,443,13,2810,16.36,97537,15.46,58.17,45303,69.58
616,2026-06-27 15:39:47,065120h,50189381N,19806565E,443,13,2812,16.35,97542,15.45,58.18,45303,69.59
617,2026-06-28 15:40:40,065121h,50189381N,19806563E,444,13,2813,16.36,97536,15.46,58.16,45303,69.67
618,2026-06-29 15:41:33,065122h,50189381N,19806561E,444,13,2815,16.35,97540,15.45,58.19,45303,69.73
619,2026-06-30 15:42:26,065123h,50189382N,19806559E,444,13,2814,16.35,97539,15.45,58.19,11.99,69.73
620,2026-07-01 15:43:19,065124h,50189383N,19806558E,445,13,2810,16.36,97536,15.46,58.22,45363,69.74
621,2026-07-02 15:44:12,065125h,50189384N,19806557E,445,13,2808,16.36,97540,15.49,58.2,45334,69.79
622,2026-07-03 15:45:05,065126h,50189385N,19806555E,445,13,2810,16.36,97538,15.46,58.18,45303,69.79
623,2026-07-04 15:45:58,065127h,50189386N,19806554E,445,12,2813,16.37,97540,15.45,58.21,45363,69.8
624,2026-07-05 15:46:51,065128h,50189386N,19806553E,446,13,2812,16.37,97537,15.49,58.24,45334,69.82
625,2026-07-06 15:47:44,065129h,50189387N,19806553E,446,13,2813,16.37,97533,15.46,58.25,45334,69.84
626,2026-07-07 15:48:37,065130h,50189388N,19806553E,446,13,2812,16.37,97537,15.48,58.22,11.99,69.89
627,2026-07-08 15:49:30,065131h,50189388N,19806552E,446,13,2812,16.38,97534,15.48,58.24,45424,69.93
628,2026-07-09 15:50:23,065132h,50189388N,19806552E,446,13,2813,16.38,97540,15.48,58.26,45303,69.94
629,2026-07-10 15:51:16,065135h,50189450N,19806536E,444,13,2807,16.39,97537,15.48,58.27,45334,69.83
630,2026-07-11 15:52:09,065136h,50189437N,19806541E,442,13,2807,16.39,97534,15.49,58.31,45363,69.81
631,2026-07-12 15:53:02,065138h,50189428N,19806542E,440,13,2816,16.4,97538,15.46,58.3,45334,69.84
632,2026-07-13 15:53:55,065139h,50189423N,19806544E,440,13,2815,16.4,97537,15.49,58.28,45424,69.85
633,2026-07-14 15:54:48,065140h,50189422N,19806544E,441,13,2809,16.4,97528,15.49,58.31,45334,69.81
634,2026-07-15 15:55:41,065141h,50189417N,19806546E,442,13,2807,16.42,97535,15.49,58.31,45334,69.71
635,2026-07-16 15:56:34,065142h,50189417N,19806550E,443,13,2807,16.4,97532,15.52,58.33,45363,69.63
636,2026-07-17 15:57:27,065143h,50189417N,19806552E,444,13,2809,16.43,97530,15.51,58.32,45424,69.62
637,2026-07-18 15:58:20,065144h,50189417N,19806552E,445,13,2809,16.43,97535,15.51,58.33,45424,69.61
638,2026-07-19 15:59:13,065145h,50189417N,19806552E,445,12,2809,16.43,97535,15.51,58.32,45424,69.61
639,2026-07-20 16:00:06,065146h,50189417N,19806551E,445,13,2807,16.45,97528,15.49,58.3,45334,69.6
640,2026-07-21 16:00:59,065147h,50189416N,19806551E,446,13,2808,16.43,97536,15.52,58.33,45334,69.62
641,2026-07-22 16:01:52,065148h,50189414N,19806552E,445,13,2815,16.43,97530,15.52,58.36,45455,69.53
642,2026-07-23 16:02:45,065149h,50189412N,19806552E,445,13,2804,16.45,97529,15.52,58.38,45363,69.51
643,2026-07-24 16:03:38,065150h,50189412N,19806552E,445,13,2804,16.45,97536,15.52,58.37,45363,69.5
644,2026-07-25 16:04:31,065151h,50189412N,19806551E,445,13,2807,16.45,97538,15.53,58.35,45334,69.44
645,2026-07-26 16:05:24,065152h,50189411N,19806551E,445,13,2802,16.46,97532,15.53,58.37,45334,69.34
646,2026-07-27 16:06:17,065153h,50189411N,19806553E,445,13,2805,16.46,97539,15.53,58.38,45334,69.21
647,2026-07-28 16:07:10,065154h,50189411N,19806555E,445,13,2801,16.45,97535,15.53,58.29,45334,68.94
648,2026-07-29 16:08:03,065155h,50189411N,19806557E,444,12,2804,16.46,97539,15.53,58.35,45334,68.62
649,2026-07-30 16:08:56,065156h,50189412N,19806559E,444,13,2805,16.46,97537,15.53,58.37,45303,68.23
650,2026-07-31 16:09:49,065157h,50189412N,19806561E,444,13,2804,16.47,97535,15.56,58.37,11.99,67.92
651,2026-08-01 16:10:42,065158h,50189412N,19806562E,444,13,2805,16.47,97536,15.55,58.38,45303,67.62
652,2026-08-02 16:11:35,065159h,50189412N,19806564E,444,13,2804,16.48,97532,15.55,58.36,45334,67.32
653,2026-08-03 16:12:28,065200h,50189412N,19806566E,444,13,2809,16.48,97530,15.56,58.36,45303,67.17
654,2026-08-04 16:13:21,065201h,50189412N,19806568E,444,13,2804,16.48,97538,15.58,58.39,45334,66.95
655,2026-08-05 16:14:14,065202h,50189411N,19806570E,445,13,2813,16.48,97528,15.55,58.36,11.99,66.67
656,2026-08-06 16:15:07,065203h,50189410N,19806570E,445,13,2804,16.5,97528,15.58,58.39,45303,66.45
657,2026-08-07 16:16:00,065206h,50189361N,19806507E,443,13,2802,16.51,97535,15.59,58.38,45334,65.63
658,2026-08-08 16:16:53,065207h,50189361N,19806505E,446,13,2810,16.53,97536,15.56,58.37,45303,65.47
659,2026-08-09 16:17:46,065209h,50189370N,19806523E,444,13,2804,16.53,97529,15.59,58.38,45303,65.29
660,2026-08-10 16:18:39,065210h,50189385N,19806540E,447,13,2805,16.54,97540,15.58,58.35,45334,65.29
661,2026-08-11 16:19:32,065211h,50189389N,19806544E,447,13,2799,16.54,97539,15.61,58.35,45363,65.42
662,2026-08-12 16:20:25,065212h,50189393N,19806545E,447,13,2805,16.54,97535,15.61,58.33,45363,65.59
663,2026-08-13 16:21:18,065213h,50189392N,19806544E,447,13,2813,16.54,97536,15.59,58.35,45363,65.63
664,2026-08-14 16:22:11,065214h,50189391N,19806548E,447,13,2810,16.54,97538,15.62,58.34,45363,65.6
665,2026-08-15 16:23:04,065215h,50189390N,19806551E,447,13,2801,16.54,97532,15.61,58.34,45363,65.58
666,2026-08-16 16:23:57,065216h,50189388N,19806549E,447,13,2816,16.55,97538,15.62,58.36,45363,65.67
667,2026-08-17 16:24:50,065217h,50189387N,19806549E,446,13,2810,16.56,97532,15.63,58.33,45363,65.82
668,2026-08-18 16:25:43,065218h,50189387N,19806548E,446,13,2816,16.55,97538,15.59,58.34,45363,66.5
669,2026-08-19 16:26:36,065219h,50189389N,19806549E,446,13,2815,16.55,97537,15.63,58.32,45424,66.32
670,2026-08-20 16:27:29,065220h,50189389N,19806549E,446,13,2820,16.57,97534,15.62,58.35,45516,66.55
671,2026-08-21 16:28:22,065221h,50189390N,19806550E,446,13,2816,16.59,97542,15.65,58.35,45516,66.86
672,2026-08-22 16:29:15,065222h,50189390N,19806550E,446,13,2820,16.59,97544,15.63,58.3,45424,67.5
673,2026-08-23 16:30:08,065223h,50189390N,19806551E,446,13,2818,16.57,97541,15.62,58.33,45455,67.32
674,2026-08-24 16:31:01,065224h,50189390N,19806552E,446,13,2818,16.6,97535,15.65,58.29,45455,67.51
675,2026-08-25 16:31:54,065225h,50189390N,19806552E,445,13,2816,16.6,97540,15.63,58.34,45424,67.69
676,2026-08-26 16:32:47,065226h,50189389N,19806552E,445,13,2820,16.59,97538,15.65,58.34,45424,67.86
677,2026-08-27 16:33:40,065227h,50189390N,19806553E,445,13,2820,16.6,97539,15.66,58.34,45455,68.3
678,2026-08-28 16:34:33,065228h,50189390N,19806553E,445,13,2816,16.61,97535,15.66,58.32,45424,68.17
679,2026-08-29 16:35:26,065229h,50189391N,19806551E,445,13,2816,16.6,97543,15.65,58.31,45455,68.26
680,2026-08-30 16:36:19,065230h,50189392N,19806551E,445,13,2818,16.61,97538,15.66,58.33,45455,68.28
681,2026-08-31 16:37:12,065231h,50189391N,19806552E,445,13,2818,16.61,97537,15.65,58.33,45455,68.21
682,2026-09-01 16:38:05,065232h,50189391N,19806552E,444,13,2820,16.62,97526,15.66,58.33,45455,68.19
683,2026-09-02 16:38:58,065233h,50189391N,19806553E,444,13,2818,16.62,97541,15.66,58.3,45516,68.23
684,2026-09-03 16:39:51,065234h,50189391N,19806554E,444,13,2813,16.62,97531,15.69,58.35,45516,68.34
685,2026-09-04 16:40:44,065237h,50189401N,19806527E,446,13,2804,16.62,97544,15.69,58.29,45516,68.67
686,2026-09-05 16:41:37,065238h,50189405N,19806537E,445,13,2804,16.62,97536,15.70,58.31,45455,68.82
687,2026-09-06 16:42:30,065240h,50189407N,19806535E,444,13,2815,16.63,97533,15.69,58.33,45455,69.3
688,2026-09-07 16:43:23,065241h,50189412N,19806542E,444,13,2818,16.63,97542,15.68,58.3,45516,69.3
689,2026-09-08 16:44:16,065242h,50189411N,19806547E,444,13,2818,16.64,97545,15.69,58.31,45424,69.6
690,2026-09-09 16:45:09,065243h,50189413N,19806548E,444,13,2815,16.64,97533,15.70,58.31,45455,69.13
691,2026-09-10 16:46:02,065244h,50189413N,19806550E,444,12,2817,16.64,97536,15.70,58.31,45455,69.28
692,2026-09-11 16:46:55,065245h,50189413N,19806551E,445,13,2818,16.65,97535,15.72,58.3,45455,69.45
693,2026-09-12 16:47:48,065246h,50189415N,19806550E,445,13,2816,16.67,97534,15.73,58.31,45455,69.65
694,2026-09-13 16:48:41,065247h,50189413N,19806550E,445,13,2820,16.65,97537,15.72,58.3,45516,69.8
695,2026-09-14 16:49:34,065248h,50189411N,19806552E,445,13,2812,16.67,97535,15.70,58.35,45455,69.96
696,2026-09-15 16:50:27,065249h,50189411N,19806555E,445,13,2818,16.67,97536,15.72,58.28,45516,70.2
697,2026-09-16 16:51:20,065250h,50189409N,19806560E,444,13,2818,16.68,97536,15.74,58.31,45455,70.8
698,2026-09-17 16:52:13,065251h,50189411N,19806559E,445,13,2818,16.68,97538,15.72,58.34,45547,70.16
699,2026-09-18 16:53:06,065252h,50189412N,19806560E,445,13,2821,16.68,97539,15.73,58.3,45547,70.23
700,2026-09-19 16:53:59,065253h,50189414N,19806561E,445,13,2818,16.68,97539,15.72,58.32,45516,70.29
701,2026-09-20 16:54:52,065254h,50189414N,19806561E,445,13,2818,16.69,97539,15.73,58.29,45547,70.37
702,2026-09-21 16:55:45,065255h,50189415N,19806560E,445,13,2818,16.7,97539,15.76,58.31,45455,70.36
703,2026-09-22 16:56:38,065256h,50189414N,19806561E,445,13,2820,16.69,97542,15.73,58.28,45455,70.31
704,2026-09-23 16:57:31,065257h,50189413N,19806561E,445,13,2820,16.69,97535,15.74,58.3,45516,70.27
705,2026-09-24 16:58:24,065258h,50189412N,19806561E,445,13,2820,16.7,97532,15.77,58.3,45455,70.22
706,2026-09-25 16:59:17,065259h,50189411N,19806560E,444,13,2818,16.7,97533,15.76,58.28,45455,70.2
707,2026-09-26 17:00:10,065300h,50189410N,19806559E,444,13,2820,16.7,97533,15.74,58.32,45516,70.28
708,2026-09-27 17:01:03,065301h,50189409N,19806558E,444,13,2821,16.7,97538,15.77,58.33,45424,70.36
709,2026-09-28 17:01:56,065302h,50189408N,19806558E,444,13,2820,16.7,97537,15.76,58.3,45516,70.44
710,2026-09-29 17:02:49,065303h,50189407N,19806558E,444,13,2820,16.7,97537,15.77,58.29,45455,70.52
711,2026-09-30 17:03:42,065304h,50189406N,19806558E,444,13,2818,16.71,97533,15.79,58.3,45516,70.52
712,2026-10-01 17:04:35,065305h,50189406N,19806558E,444,13,2816,16.71,97534,15.76,58.28,45516,70.6
713,2026-10-02 17:05:28,065308h,50189356N,19806432E,454,13,2805,16.73,97535,15.77,58.29,45455,70.61
714,2026-10-03 17:06:21,065309h,50189359N,19806474E,450,13,2805,16.72,97542,15.79,58.32,45516,70.62
715,2026-10-04 17:07:14,065311h,50189377N,19806536E,453,12,2823,16.72,97536,15.80,58.28,45516,70.79
716,2026-10-05 17:08:07,065312h,50189382N,19806539E,456,13,2818,16.73,97530,15.80,58.28,45608,70.88
717,2026-10-06 17:09:00,065313h,50189381N,19806539E,455,13,2820,16.76,97532,15.80,58.3,45547,70.97
718,2026-10-07 17:09:53,065314h,50189379N,19806547E,452,13,2816,16.76,97535,15.82,58.25,45638,71.9
719,2026-10-08 17:10:46,065315h,50189379N,19806549E,451,12,2846,16.75,97543,15.80,58.3,45608,71.12
720,2026-10-09 17:11:39,065316h,50189381N,19806553E,449,13,2848,16.77,97537,15.82,58.23,45608,71.17
721,2026-10-10 17:12:32,065317h,50189383N,19806555E,449,13,2853,16.76,97543,15.80,58.24,45608,71.25
722,2026-10-11 17:13:25,065318h,50189386N,19806556E,449,13,2853,16.76,97541,15.80,58.22,45547,71.34
723,2026-10-12 17:14:18,065319h,50189387N,19806557E,449,13,2845,16.76,97539,15.83,58.25,45608,71.41
724,2026-10-13 17:15:11,065320h,50189389N,19806558E,450,13,2851,16.77,97530,15.83,58.22,45638,71.48
725,2026-10-14 17:16:04,065321h,50189389N,19806559E,450,13,2853,16.77,97540,15.82,58.23,45638,71.52
726,2026-10-15 17:16:57,065322h,50189391N,19806562E,450,13,2859,16.78,97537,15.85,58.22,45638,71.58
727,2026-10-16 17:17:50,065323h,50189391N,19806564E,450,13,2856,16.78,97539,15.85,58.2,45638,71.62
728,2026-10-17 17:18:43,065324h,50189392N,19806567E,450,13,2854,16.77,97539,15.85,58.2,45638,71.63
729,2026-10-18 17:19:36,065325h,50189394N,19806569E,450,12,2864,16.78,97534,15.83,58.19,12.15,71.68
730,2026-10-19 17:20:29,065326h,50189395N,19806570E,450,13,2854,16.78,97542,15.82,58.15,12.13,71.64
731,2026-10-20 17:21:22,065327h,50189396N,19806571E,450,13,2859,16.78,97539,15.83,58.17,45638,71.69
732,2026-10-21 17:22:15,065328h,50189397N,19806572E,450,13,2857,16.78,97537,15.85,58.15,12.13,71.7
733,2026-10-22 17:23:08,065329h,50189398N,19806572E,450,13,2854,16.79,97533,15.85,58.15,12.15,71.77
734,2026-10-23 17:24:01,065330h,50189399N,19806573E,449,13,2854,16.79,97540,15.86,58.15,12.13,71.84
735,2026-10-24 17:24:54,065331h,50189400N,19806574E,449,13,2856,16.79,97537,15.85,58.16,12.15,71.89
736,2026-10-25 17:25:47,065332h,50189401N,19806576E,449,13,2857,16.77,97541,15.86,58.14,12.16,71.92
737,2026-10-26 17:26:40,065333h,50189402N,19806577E,449,13,2857,16.78,97540,15.87,58.11,12.16,71.93
738,2026-10-27 17:27:33,065334h,50189402N,19806577E,449,13,2861,16.79,97539,15.87,58.9,12.13,71.92
739,2026-10-28 17:28:26,065335h,50189403N,19806577E,449,13,2861,16.78,97537,15.87,58.8,12.16,71.94
740,2026-10-29 17:29:19,065336h,50189403N,19806576E,449,13,2857,16.79,97536,15.87,58.9,12.18,71.93
741,2026-10-30 17:30:12,065339h,50189395N,19806564E,447,11,2842,16.79,97545,15.87,58.6,12.16,72
742,2026-10-31 17:31:05,065340h,50189385N,19806548E,442,13,2845,16.79,97548,15.86,58.6,12.15,71.97
743,2026-11-01 17:31:58,065342h,50189389N,19806550E,444,13,2854,16.79,97545,15.90,58.4,12.19,71.94
744,2026-11-02 17:32:51,065343h,50189389N,19806552E,444,13,2856,16.79,97538,15.87,58.2,12.18,71.91
745,2026-11-03 17:33:44,065344h,50189391N,19806549E,443,13,2857,16.79,97542,15.89,58.1,12.20,71.94
746,2026-11-04 17:34:37,065345h,50189392N,19806547E,444,13,2857,16.8,97538,15.89,58.3,12.16,71.97
747,2026-11-05 17:35:30,065346h,50189391N,19806547E,444,12,2853,16.79,97539,15.87,58,12.18,72
748,2026-11-06 17:36:23,065347h,50189392N,19806550E,444,13,2854,16.79,97539,15.89,57.99,12.15,71.95
749,2026-11-07 17:37:16,065348h,50189391N,19806551E,444,13,2853,16.79,97535,15.89,58,12.20,71.93
750,2026-11-08 17:38:09,065349h,50189392N,19806550E,445,13,2857,16.79,97540,15.90,57.99,12.19,71.95
751,2026-11-09 17:39:02,065350h,50189392N,19806554E,445,13,2856,16.8,97540,15.90,57.97,12.19,71.94
752,2026-11-10 17:39:55,065351h,50189391N,19806553E,445,13,2857,16.79,97538,15.89,57.94,12.19,71.89
753,2026-11-11 17:40:48,065352h,50189392N,19806551E,446,13,2859,16.79,97533,15.89,57.95,12.19,71.92
754,2026-11-12 17:41:41,065353h,50189393N,19806550E,446,13,2857,16.79,97538,15.90,57.94,12.19,71.95
755,2026-11-13 17:42:34,065354h,50189393N,19806548E,447,13,2859,16.79,97536,15.89,57.94,12.22,72.1
756,2026-11-14 17:43:27,065355h,50189392N,19806545E,447,13,2854,16.79,97536,15.87,57.9,12.26,72.7
757,2026-11-15 17:44:20,065356h,50189392N,19806545E,447,13,2857,16.8,97543,15.87,57.9,12.29,72.1
758,2026-11-16 17:45:13,065357h,50189391N,19806545E,447,13,2861,16.79,97537,15.93,57.93,12.27,72.12
759,2026-11-17 17:46:06,065358h,50189393N,19806546E,447,13,2857,16.8,97538,15.92,57.9,12.29,72.7
760,2026-11-18 17:46:59,065359h,50189394N,19806546E,446,13,2859,16.8,97539,15.92,57.9,12.29,72.5
761,2026-11-19 17:47:52,065400h,50189394N,19806547E,446,13,2859,16.8,97528,15.93,57.86,12.26,71.93
762,2026-11-20 17:48:45,065401h,50189395N,19806549E,447,13,2852,16.8,97534,15.92,57.87,12.26,71.72
763,2026-11-21 17:49:38,065402h,50189395N,19806550E,447,13,2854,16.8,97538,15.92,57.84,12.27,71.43
764,2026-11-22 17:50:31,065403h,50189397N,19806554E,447,13,2856,16.8,97534,15.94,57.83,12.26,71.12
765,2026-11-23 17:51:24,065404h,50189398N,19806556E,447,13,2857,16.79,97539,15.94,57.81,12.26,70.84
766,2026-11-24 17:52:17,065405h,50189398N,19806559E,446,13,2859,16.8,97532,15.92,57.84,12.27,70.55
767,2026-11-25 17:53:10,065406h,50189398N,19806561E,446,13,2857,16.81,97538,15.92,57.81,12.27,70.24
768,2026-11-26 17:54:03,065407h,50189398N,19806562E,447,13,2857,16.8,97536,15.92,57.82,12.27,69.9
769,2026-11-27 17:54:56,065410h,50189419N,19806523E,452,13,2843,16.8,97531,15.94,57.78,12.32,69.5
770,2026-11-28 17:55:49,065411h,50189412N,19806531E,448,13,2841,16.8,97538,15.93,57.77,12.32,68.87
771,2026-11-29 17:56:42,065413h,50189413N,19806538E,446,13,2849,16.8,97538,15.93,57.75,12.32,68.67
772,2026-11-30 17:57:35,065414h,50189411N,19806543E,447,13,2849,16.81,97543,15.94,57.77,12.29,68.61
773,2026-12-01 17:58:28,065415h,50189411N,19806542E,447,13,2853,16.8,97536,15.93,57.77,12.30,68.54
774,2026-12-02 17:59:21,065416h,50189410N,19806540E,448,13,2856,16.81,97534,15.97,57.73,12.30,68.42
775,2026-12-03 18:00:14,065417h,50189409N,19806539E,448,13,2856,16.8,97541,15.92,57.71,12.30,68.35
776,2026-12-04 18:01:07,065418h,50189408N,19806538E,449,13,2856,16.8,97534,15.94,57.73,12.29,68.32
777,2026-12-05 18:02:00,065419h,50189405N,19806535E,449,13,2853,16.8,97538,15.93,57.69,12.29,68.31
778,2026-12-06 18:02:53,065420h,50189404N,19806534E,449,13,2861,16.79,97537,15.93,57.7,12.30,68.3
779,2026-12-07 18:03:46,065421h,50189405N,19806533E,449,13,2857,16.79,97530,15.94,57.68,12.32,68.33
780,2026-12-08 18:04:39,065422h,50189405N,19806535E,448,13,2857,16.8,97535,15.93,57.67,12.29,68.35
781,2026-12-09 18:05:32,065423h,50189404N,19806535E,448,13,2859,16.79,97533,15.94,57.72,12.30,68.38
782,2026-12-10 18:06:25,065424h,50189403N,19806535E,447,13,2859,16.8,97540,15.94,57.73,12.30,68.38
783,2026-12-11 18:07:18,065425h,50189401N,19806537E,447,13,2855,16.79,97543,15.93,57.65,12.29,68.36
784,2026-12-12 18:08:11,065426h,50189401N,19806537E,446,13,2857,16.79,97537,15.94,57.65,12.30,68.28
785,2026-12-13 18:09:04,065427h,50189400N,19806538E,446,13,2859,16.79,97538,15.93,57.69,12.30,68.28
786,2026-12-14 18:09:57,065428h,50189400N,19806538E,446,13,2859,16.8,97532,15.96,57.7,12.30,68.3
787,2026-12-15 18:10:50,065429h,50189400N,19806538E,446,13,2861,16.8,97542,15.94,57.67,12.29,68.35
788,2026-12-16 18:11:43,065430h,50189400N,19806537E,446,13,2859,16.79,97538,15.94,57.65,12.32,68.37
789,2026-12-17 18:12:36,065431h,50189400N,19806536E,447,13,2857,16.79,97540,15.93,57.64,12.30,68.43
790,2026-12-18 18:13:29,065432h,50189399N,19806534E,447,13,2857,16.79,97535,15.96,57.68,12.33,68.51
791,2026-12-19 18:14:22,065433h,50189399N,19806534E,447,13,2857,16.79,97532,15.97,57.64,12.33,68.54
792,2026-12-20 18:15:15,065434h,50189399N,19806532E,447,13,2861,16.8,97537,15.96,57.64,12.35,68.54
793,2026-12-21 18:16:08,065435h,50189399N,19806530E,447,13,2859,16.79,97533,15.93,57.65,12.33,68.5
794,2026-12-22 18:17:01,065436h,50189398N,19806530E,448,13,2859,16.79,97536,15.94,57.63,12.32,68.47
795,2026-12-23 18:17:54,065437h,50189398N,19806529E,448,13,2857,16.79,97530,15.94,57.63,12.35,68.43
796,2026-12-24 18:18:47,065438h,50189398N,19806528E,448,13,2859,16.79,97538,15.94,57.6,12.33,68.41
797,2026-12-25 18:19:40,065441h,50189416N,19806503E,459,13,2840,16.79,97535,15.93,57.63,12.33,68.39
798,2026-12-26 18:20:33,065442h,50189409N,19806520E,456,12,2849,16.79,97535,15.92,57.64,12.32,68.41
799,2026-12-27 18:21:26,065444h,50189402N,19806526E,456,13,2851,16.79,97536,15.94,57.58,12.32,68.5
800,2026-12-28 18:22:19,065445h,50189398N,19806530E,457,13,2856,16.79,97538,15.93,57.63,12.33,68.51
801,2026-12-29 18:23:12,065446h,50189396N,19806534E,457,13,2853,16.79,97538,15.93,57.63,12.33,68.47
802,2026-12-30 18:24:05,065447h,50189394N,19806536E,458,13,2856,16.78,97538,15.92,57.59,12.35,68.35
803,2026-12-31 18:24:58,065448h,50189393N,19806538E,458,13,2856,16.79,97539,15.93,57.58,12.33,68.21
804,2027-01-01 18:25:51,065449h,50189395N,19806537E,458,12,2856,16.77,97541,15.93,57.6,12.33,68.7
805,2027-01-02 18:26:44,065450h,50189397N,19806540E,458,13,2857,16.78,97540,15.90,57.6,12.35,67.93
806,2027-01-03 18:27:37,065451h,50189397N,19806542E,458,13,2854,16.77,97537,15.93,57.59,12.35,67.84
807,2027-01-04 18:28:30,065452h,50189398N,19806545E,457,13,2848,16.77,97538,15.92,57.58,12.33,67.78
808,2027-01-05 18:29:23,065453h,50189398N,19806546E,458,13,2859,16.77,97534,15.93,57.58,12.33,67.76
809,2027-01-06 18:30:16,065454h,50189398N,19806547E,458,13,2862,16.78,97537,15.92,57.55,12.37,67.78
810,2027-01-07 18:31:09,065455h,50189399N,19806547E,458,13,2855,16.76,97541,15.93,57.57,12.33,67.78
811,2027-01-08 18:32:02,065456h,50189400N,19806549E,458,13,2859,16.77,97536,15.90,57.59,12.33,67.77
812,2027-01-09 18:32:55,065457h,50189401N,19806550E,458,13,2856,16.76,97538,15.90,57.57,12.35,67.74
813,2027-01-10 18:33:48,065458h,50189402N,19806551E,458,13,2856,16.75,97536,15.92,57.54,12.32,67.68
814,2027-01-11 18:34:41,065459h,50189403N,19806553E,458,13,2862,16.76,97537,15.90,57.61,12.36,67.64
815,2027-01-12 18:35:34,065500h,50189403N,19806553E,459,13,2859,16.75,97535,15.92,57.6,12.35,67.66
816,2027-01-13 18:36:27,065501h,50189402N,19806553E,459,13,2859,16.76,97537,15.90,57.58,12.35,67.72
817,2027-01-14 18:37:20,065502h,50189403N,19806554E,458,13,2857,16.72,97536,15.87,57.57,12.35,67.71
818,2027-01-15 18:38:13,065503h,50189403N,19806556E,458,13,2859,16.75,97536,15.90,57.61,12.33,67.73
819,2027-01-16 18:39:06,065504h,50189404N,19806559E,457,13,2857,16.76,97534,15.90,57.58,12.33,67.68
820,2027-01-17 18:39:59,065505h,50189404N,19806562E,457,13,2859,16.75,97536,15.89,57.56,12.35,67.66
821,2027-01-18 18:40:52,065506h,50189405N,19806563E,457,13,2857,16.73,97542,15.90,57.59,12.35,67.68
822,2027-01-19 18:41:45,065507h,50189405N,19806565E,457,13,2859,16.76,97533,15.89,57.56,12.33,67.65
823,2027-01-20 18:42:38,065508h,50189406N,19806567E,456,13,2857,16.72,97535,15.87,57.59,12.36,67.64
824,2027-01-21 18:43:31,065509h,50189406N,19806569E,456,13,2864,16.72,97538,15.87,57.59,12.36,67.7
825,2027-01-22 18:44:24,065512h,50189453N,19806611E,451,13,2841,16.72,97534,15.89,57.59,12.35,67.97
826,2027-01-23 18:45:17,065513h,50189444N,19806605E,448,13,2845,16.72,97539,15.89,57.6,12.36,68.5
827,2027-01-24 18:46:10,065515h,50189435N,19806604E,449,13,2859,16.71,97536,15.89,57.6,12.35,68.3
828,2027-01-25 18:47:03,065516h,50189425N,19806599E,449,13,2856,16.72,97537,15.89,57.61,12.37,68.5
829,2027-01-26 18:47:56,065517h,50189421N,19806597E,449,13,2861,16.72,97534,15.89,57.61,12.33,68.11
830,2027-01-27 18:48:49,065518h,50189419N,19806596E,449,13,2857,16.72,97538,15.87,57.65,12.33,68.1
831,2027-01-28 18:49:42,065519h,50189419N,19806595E,450,13,2849,16.7,97541,15.89,57.66,12.37,68.13
832,2027-01-29 18:50:35,065520h,50189418N,19806595E,450,13,2857,16.7,97533,15.87,57.61,12.35,68.14
833,2027-01-30 18:51:28,065521h,50189417N,19806592E,450,13,2859,16.71,97532,15.87,57.62,12.35,68.15
834,2027-01-31 18:52:21,065522h,50189417N,19806588E,450,13,2859,16.7,97537,15.89,57.65,12.33,68.16
835,2027-02-01 18:53:14,065523h,50189417N,19806585E,450,13,2854,16.7,97533,15.87,57.66,12.35,68.18
836,2027-02-02 18:54:07,065524h,50189417N,19806583E,450,13,2857,16.71,97543,15.89,57.7,12.35,68.17
837,2027-02-03 18:55:00,065525h,50189415N,19806582E,449,13,2859,16.7,97537,15.87,57.66,12.36,68.17
838,2027-02-04 18:55:53,065526h,50189415N,19806581E,449,13,2857,16.7,97541,15.87,57.63,12.37,68.16
839,2027-02-05 18:56:46,065527h,50189414N,19806580E,449,13,2860,16.7,97531,15.87,57.68,12.37,68.2
840,2027-02-06 18:57:39,065528h,50189413N,19806578E,449,13,2859,16.7,97533,15.86,57.69,12.36,68.16
841,2027-02-07 18:58:32,065529h,50189412N,19806577E,448,13,2854,16.7,97538,15.86,57.69,12.37,68.21
842,2027-02-08 18:59:25,065530h,50189410N,19806578E,448,13,2860,16.69,97535,15.87,57.72,12.35,68.24
843,2027-02-09 19:00:18,065531h,50189410N,19806578E,447,13,2860,16.7,97532,15.87,57.7,12.36,68.3
844,2027-02-10 19:01:11,065532h,50189409N,19806578E,447,13,2860,16.69,97538,15.86,57.73,12.36,68.31
845,2027-02-11 19:02:04,065533h,50189409N,19806578E,447,13,2860,16.69,97532,15.83,57.75,12.36,68.28
846,2027-02-12 19:02:57,065534h,50189409N,19806578E,446,13,2859,16.69,97540,15.86,57.75,12.36,68.27
847,2027-02-13 19:03:50,065535h,50189408N,19806579E,446,13,2862,16.69,97540,15.86,57.75,12.33,68.2
848,2027-02-14 19:04:43,065536h,50189408N,19806578E,446,13,2862,16.69,97540,15.85,57.75,12.35,68.17
849,2027-02-15 19:05:36,065537h,50189408N,19806579E,446,13,2859,16.69,97538,15.83,57.78,12.36,68.14
850,2027-02-16 19:06:29,065538h,50189407N,19806579E,445,13,2862,16.69,97535,15.86,57.76,12.39,68.14
851,2027-02-17 19:07:22,065539h,50189407N,19806579E,445,13,2861,16.68,97543,15.83,57.78,12.35,68.5
852,2027-02-18 19:08:15,065540h,50189406N,19806579E,445,13,2862,16.69,97533,15.87,57.8,12.35,67.98
853,2027-02-19 19:09:08,065543h,50189396N,19806473E,449,12,2846,16.67,97539,15.85,57.83,12.36,67.92
854,2027-02-20 19:10:01,065544h,50189395N,19806482E,449,13,2845,16.67,97531,15.83,57.82,12.36,67.99
855,2027-02-21 19:10:54,065546h,50189404N,19806516E,445,13,2853,16.65,97526,15.85,57.85,12.36,68.3
856,2027-02-22 19:11:47,065547h,50189395N,19806520E,445,13,2853,16.68,97530,15.80,57.83,12.35,68.9
857,2027-02-23 19:12:40,065548h,50189390N,19806523E,444,13,2859,16.65,97539,15.85,57.88,12.36,68.7
858,2027-02-24 19:13:33,065549h,50189389N,19806529E,443,13,2861,16.65,97537,15.85,57.9,12.36,68.11
859,2027-02-25 19:14:26,065550h,50189387N,19806535E,442,13,2859,16.64,97530,15.83,57.89,12.36,68.6
860,2027-02-26 19:15:19,065551h,50189389N,19806536E,441,13,2856,16.65,97534,15.83,57.83,12.36,68.9
861,2027-02-27 19:16:12,065552h,50189392N,19806535E,442,13,2853,16.65,97535,15.82,57.89,12.36,68.6
862,2027-02-28 19:17:05,065553h,50189392N,19806537E,441,13,2857,16.65,97538,15.82,57.89,12.37,68.2
863,2027-03-01 19:17:58,065554h,50189392N,19806542E,441,13,2857,16.65,97533,15.83,57.9,12.36,68.6
864,2027-03-02 19:18:51,065555h,50189393N,19806543E,441,13,2857,16.65,97529,15.85,57.95,12.37,67.99
865,2027-03-03 19:19:44,065556h,50189393N,19806547E,441,13,2860,16.64,97538,15.83,57.92,12.39,67.95
866,2027-03-04 19:20:37,065557h,50189394N,19806547E,442,13,2860,16.63,97541,15.83,57.93,12.37,67.86
867,2027-03-05 19:21:30,065558h,50189393N,19806551E,441,13,2862,16.63,97535,15.83,57.95,12.35,67.89
868,2027-03-06 19:22:23,065559h,50189392N,19806554E,441,13,2865,16.63,97534,15.83,57.95,12.37,67.93
869,2027-03-07 19:23:16,065600h,50189392N,19806557E,441,13,2862,16.64,97532,15.82,57.94,12.35,67.92
870,2027-03-08 19:24:09,065601h,50189391N,19806558E,441,13,2860,16.62,97534,15.83,57.95,12.33,67.89
871,2027-03-09 19:25:02,065602h,50189391N,19806559E,441,13,2860,16.63,97541,15.80,57.97,12.37,67.86
872,2027-03-10 19:25:55,065603h,50189392N,19806559E,441,13,2862,16.62,97535,15.83,58.1,12.37,67.85
873,2027-03-11 19:26:48,065604h,50189392N,19806560E,441,13,2862,16.63,97530,15.83,58.1,12.36,67.82
874,2027-03-12 19:27:41,065605h,50189393N,19806561E,441,13,2860,16.64,97532,15.82,58.1,12.35,67.71
875,2027-03-13 19:28:34,065606h,50189393N,19806562E,441,13,2860,16.63,97546,15.82,58,12.37,67.74
876,2027-03-14 19:29:27,065607h,50189394N,19806563E,441,13,2862,16.62,97540,15.83,58,12.36,67.72
877,2027-03-15 19:30:20,065608h,50189395N,19806564E,441,13,2860,16.62,97531,15.79,58.1,12.36,67.82
878,2027-03-16 19:31:13,065609h,50189394N,19806565E,441,13,2860,16.63,97541,15.79,58.6,12.36,67.87
879,2027-03-17 19:32:06,065610h,50189394N,19806566E,441,13,2860,16.62,97542,15.79,58.6,12.35,68.6
880,2027-03-18 19:32:59,065611h,50189394N,19806566E,441,13,2860,16.62,97533,15.79,58.6,12.39,68.16
881,2027-03-19 19:33:52,065614h,50189355N,19806533E,443,13,2846,16.63,97541,15.80,58.1,12.37,68.44
882,2027-03-20 19:34:45,065615h,50189363N,19806542E,443,13,2851,16.62,97545,15.79,58.9,12.35,68.54
883,2027-03-21 19:35:38,065617h,50189368N,19806548E,444,13,2864,16.62,97543,15.79,58.9,12.36,68.67
884,2027-03-22 19:36:31,065618h,50189368N,19806549E,444,13,2857,16.61,97541,15.82,58.9,12.36,68.7
885,2027-03-23 19:37:24,065619h,50189369N,19806551E,445,13,2859,16.61,97543,15.79,58.13,12.35,68.67
886,2027-03-24 19:38:17,065620h,50189371N,19806549E,446,13,2859,16.62,97540,15.77,58.15,12.37,68.65
887,2027-03-25 19:39:10,065621h,50189372N,19806548E,446,13,2851,16.62,97540,15.80,58.15,12.36,68.56
888,2027-03-26 19:40:03,065622h,50189375N,19806546E,447,13,2857,16.61,97542,15.80,58.12,12.39,68.49
889,2027-03-27 19:40:56,065623h,50189378N,19806544E,447,13,2856,16.62,97537,15.80,58.14,12.37,68.49
890,2027-03-28 19:41:49,065624h,50189379N,19806545E,446,13,2860,16.6,97533,15.80,58.15,12.36,68.49
891,2027-03-29 19:42:42,065625h,50189381N,19806546E,446,13,2862,16.62,97533,15.77,58.17,12.37,68.49
892,2027-03-30 19:43:35,065626h,50189382N,19806548E,446,13,2857,16.61,97539,15.77,58.16,12.37,68.48
893,2027-03-31 19:44:28,065627h,50189384N,19806549E,445,13,2862,16.62,97535,15.77,58.18,12.36,68.47
894,2027-04-01 19:45:21,065628h,50189385N,19806548E,445,13,2862,16.62,97539,15.79,58.19,12.36,68.51
895,2027-04-02 19:46:14,065629h,50189385N,19806547E,445,13,2862,16.61,97542,15.77,58.24,12.36,68.49
896,2027-04-03 19:47:07,065630h,50189385N,19806545E,446,13,2862,16.61,97540,15.77,58.23,12.37,68.47
897,2027-04-04 19:48:00,065631h,50189385N,19806545E,446,13,2859,16.6,97530,15.77,58.2,12.37,68.48
898,2027-04-05 19:48:53,065632h,50189385N,19806545E,445,13,2860,16.6,97536,15.79,58.24,12.37,68.4
899,2027-04-06 19:49:46,065633h,50189386N,19806545E,445,13,2859,16.6,97536,15.77,58.23,12.37,68.41
900,2027-04-07 19:50:39,065634h,50189385N,19806544E,445,13,2862,16.61,97540,15.79,58.24,12.37,68.41
901,2027-04-08 19:51:32,065635h,50189385N,19806542E,445,13,2862,16.6,97540,15.77,58.25,12.36,68.41
902,2027-04-09 19:52:25,065636h,50189385N,19806541E,445,13,2862,16.59,97538,15.77,58.25,12.37,68.42
903,2027-04-10 19:53:18,065637h,50189385N,19806541E,445,13,2862,16.57,97537,15.80,58.26,12.37,68.42
904,2027-04-11 19:54:11,065638h,50189386N,19806542E,445,13,2862,16.6,97535,15.79,58.27,12.39,68.39
905,2027-04-12 19:55:04,065639h,50189386N,19806542E,445,13,2862,16.6,97535,15.79,58.25,12.39,68.48
906,2027-04-13 19:55:57,065640h,50189387N,19806542E,445,13,2862,16.61,97541,15.79,58.28,12.37,68.46
907,2027-04-14 19:56:50,065641h,50189386N,19806542E,445,13,2862,16.61,97542,15.76,58.28,12.36,68.49
908,2027-04-15 19:57:43,065642h,50189386N,19806542E,445,13,2864,16.6,97544,15.77,58.25,12.39,68.46
909,2027-04-16 19:58:36,065645h,50189375N,19806500E,450,12,2843,16.59,97528,15.77,58.29,12.39,68.34
910,2027-04-17 19:59:29,065646h,50189374N,19806518E,448,13,2846,16.6,97542,15.79,58.3,12.39,68.38
911,2027-04-18 20:00:22,065648h,50189372N,19806519E,447,13,2851,16.59,97541,15.77,58.35,12.36,68.34
912,2027-04-19 20:01:15,065649h,50189383N,19806541E,446,13,2853,16.59,97538,15.77,58.34,12.37,68.33
913,2027-04-20 20:02:08,065650h,50189384N,19806538E,446,13,2859,16.6,97533,15.79,58.35,12.39,68.27
914,2027-04-21 20:03:01,065651h,50189383N,19806537E,445,13,2856,16.59,97546,15.76,58.38,12.40,68.31
915,2027-04-22 20:03:54,065652h,50189383N,19806535E,446,13,2856,16.59,97537,15.74,58.35,12.40,68.29
916,2027-04-23 20:04:47,065653h,50189383N,19806530E,446,13,2860,16.59,97547,15.77,58.39,12.40,68.26
917,2027-04-24 20:05:40,065653h,50189384N,19806529E,447,13,2861,16.59,97538,15.77,58.38,12.37,68.11
918,2027-04-25 20:06:33,065654h,50189384N,19806529E,447,13,2856,16.59,97544,15.77,58.34,12.39,67.97
919,2027-04-26 20:07:26,065656h,50189381N,19806532E,446,13,2859,16.59,97539,15.77,58.41,12.40,67.93
920,2027-04-27 20:08:19,065657h,50189384N,19806538E,445,13,2864,16.59,97544,15.77,58.38,12.36,67.88
921,2027-04-28 20:09:12,065658h,50189387N,19806542E,444,13,2859,16.59,97544,15.77,58.41,12.40,67.87
922,2027-04-29 20:10:05,065659h,50189390N,19806546E,444,13,2862,16.57,97544,15.76,58.39,12.40,67.9
923,2027-04-30 20:10:58,065700h,50189390N,19806548E,443,13,2860,16.59,97538,15.77,58.43,12.39,68
924,2027-05-01 20:11:51,065701h,50189391N,19806551E,443,13,2859,16.59,97542,15.76,58.42,12.37,68.7
925,2027-05-02 20:12:44,065702h,50189392N,19806551E,443,13,2859,16.57,97538,15.77,58.45,12.43,68.16
926,2027-05-03 20:13:37,065703h,50189393N,19806553E,443,13,2862,16.59,97535,15.74,58.43,12.39,68.24
927,2027-05-04 20:14:30,065704h,50189393N,19806555E,443,13,2859,16.59,97533,15.77,58.45,12.39,68.31
928,2027-05-05 20:15:23,065705h,50189394N,19806557E,442,13,2860,16.57,97539,15.77,58.46,12.37,68.32
929,2027-05-06 20:16:16,065706h,50189395N,19806558E,441,13,2859,16.59,97542,15.74,58.43,12.37,68.34
930,2027-05-07 20:17:09,065707h,50189395N,19806560E,441,13,2857,16.57,97536,15.73,58.48,12.43,68.36
931,2027-05-08 20:18:02,065708h,50189394N,19806558E,442,13,2864,16.57,97543,15.76,58.49,12.39,68.38
932,2027-05-09 20:18:55,065709h,50189393N,19806556E,443,13,2862,16.57,97543,15.76,58.49,12.42,68.42
933,2027-05-10 20:19:48,065710h,50189392N,19806553E,443,13,2859,16.57,97545,15.76,58.5,12.40,68.46
934,2027-05-11 20:20:41,065711h,50189394N,19806556E,443,13,2860,16.57,97542,15.76,58.5,12.40,68.51
935,2027-05-12 20:21:34,065712h,50189394N,19806555E,443,13,2860,16.57,97548,15.76,58.5,12.40,68.55
936,2027-05-13 20:22:27,065713h,50189393N,19806556E,443,13,2860,16.57,97538,15.74,58.53,12.39,68.58
937,2027-05-14 20:23:20,065716h,50189366N,19806538E,443,13,2843,16.56,97538,15.76,58.55,12.39,68.71
938,2027-05-15 20:24:13,065717h,50189374N,19806551E,440,13,2848,16.57,97544,15.77,58.55,12.39,68.74
939,2027-05-16 20:25:06,065719h,50189380N,19806554E,439,13,2856,16.56,97545,15.76,58.56,12.42,68.73
940,2027-05-17 20:25:59,065720h,50189385N,19806553E,439,13,2859,16.56,97541,15.76,58.6,12.40,68.7
941,2027-05-18 20:26:52,065721h,50189388N,19806555E,439,13,2857,16.57,97540,15.73,58.57,12.43,68.69
942,2027-05-19 20:27:45,065722h,50189393N,19806554E,439,13,2853,16.57,97542,15.74,58.57,12.42,68.67
943,2027-05-20 20:28:38,065723h,50189394N,19806558E,440,13,2854,16.56,97542,15.74,58.6,12.42,68.71
944,2027-05-21 20:29:31,065724h,50189396N,19806558E,441,13,2859,16.56,97541,15.76,58.61,12.40,68.71
945,2027-05-22 20:30:24,065724h,50189397N,19806558E,442,13,2859,16.56,97540,15.77,58.59,12.42,68.7
946,2027-05-23 20:31:17,065726h,50189396N,19806561E,442,13,2859,16.59,97536,15.73,58.6,12.42,68.73
947,2027-05-24 20:32:10,065727h,50189396N,19806559E,443,13,2857,16.56,97549,15.76,58.63,12.42,68.73
948,2027-05-25 20:33:03,065728h,50189394N,19806559E,443,13,2853,16.56,97544,15.74,58.62,12.42,68.76
949,2027-05-26 20:33:56,065729h,50189393N,19806559E,444,13,2862,16.56,97540,15.74,58.62,12.40,68.77
950,2027-05-27 20:34:49,065730h,50189393N,19806560E,444,13,2860,16.57,97536,15.77,58.62,12.39,68.78
951,2027-05-28 20:35:42,065731h,50189393N,19806559E,444,13,2859,16.57,97545,15.74,58.63,12.42,68.82
952,2027-05-29 20:36:35,065732h,50189393N,19806559E,444,13,2861,16.56,97540,15.74,58.66,12.40,68.87
953,2027-05-30 20:37:28,065733h,50189393N,19806559E,444,13,2862,16.56,97543,15.76,58.68,12.40,68.82
954,2027-05-31 20:38:21,065734h,50189393N,19806559E,444,13,2859,16.59,97536,15.74,58.66,12.42,68.67
955,2027-06-01 20:39:14,065735h,50189393N,19806560E,444,13,2860,16.56,97542,15.76,58.66,12.42,68.46
956,2027-06-02 20:40:07,065736h,50189393N,19806560E,444,13,2860,16.57,97535,15.74,58.68,12.42,68.27
957,2027-06-03 20:41:00,065737h,50189394N,19806561E,444,13,2861,16.56,97537,15.76,58.67,12.43,68.11
958,2027-06-04 20:41:53,065738h,50189394N,19806562E,444,13,2859,16.55,97541,15.77,58.69,12.42,67.99
959,2027-06-05 20:42:46,065739h,50189394N,19806562E,444,13,2862,16.55,97536,15.73,58.68,12.42,67.92
960,2027-06-06 20:43:39,065740h,50189395N,19806562E,445,13,2864,16.57,97540,15.76,58.69,12.40,67.87
961,2027-06-07 20:44:32,065741h,50189395N,19806562E,445,13,2860,16.56,97542,15.74,58.69,12.42,67.84
962,2027-06-08 20:45:25,065742h,50189396N,19806563E,445,13,2859,16.56,97546,15.74,58.71,12.40,67.81
963,2027-06-09 20:46:18,065743h,50189397N,19806563E,445,13,2862,16.55,97538,15.74,58.73,12.40,67.74
964,2027-06-10 20:47:11,065744h,50189398N,19806563E,445,13,2862,16.56,97545,15.74,58.74,12.40,67.69
965,2027-06-11 20:48:04,065747h,50189390N,19806431E,458,13,2843,16.55,97541,15.74,58.73,12.39,67.72
966,2027-06-12 20:48:57,065748h,50189395N,19806460E,456,13,2845,16.56,97541,15.74,58.71,12.42,67.79
967,2027-06-13 20:49:50,065750h,50189398N,19806509E,453,13,2856,16.55,97540,15.76,58.77,12.39,67.93
968,2027-06-14 20:50:43,065751h,50189400N,19806517E,454,13,2856,16.57,97545,15.74,58.72,12.40,67.9
969,2027-06-15 20:51:36,065752h,50189397N,19806528E,454,13,2856,16.56,97542,15.76,58.76,12.39,67.85
970,2027-06-16 20:52:29,065753h,50189395N,19806535E,453,13,2856,16.56,97540,15.77,58.77,12.39,67.76
971,2027-06-17 20:53:22,065754h,50189394N,19806538E,451,13,2851,16.54,97540,15.76,58.77,12.40,67.67
972,2027-06-18 20:54:15,065755h,50189395N,19806542E,450,13,2860,16.55,97543,15.74,58.77,12.39,67.6
973,2027-06-19 20:55:08,065756h,50189393N,19806543E,449,13,2857,16.55,97550,15.74,58.77,12.37,67.62
974,2027-06-20 20:56:01,065757h,50189394N,19806544E,447,13,2859,16.55,97542,15.74,58.75,12.40,67.63
975,2027-06-21 20:56:54,065758h,50189395N,19806547E,447,13,2857,16.55,97540,15.74,58.77,12.40,67.72
976,2027-06-22 20:57:47,065759h,50189394N,19806548E,446,13,2856,16.55,97545,15.76,58.77,12.39,67.79
977,2027-06-23 20:58:40,065800h,50189396N,19806547E,448,13,2859,16.55,97545,15.76,58.78,12.40,67.78
978,2027-06-24 20:59:33,065801h,50189397N,19806547E,448,13,2864,16.55,97539,15.74,58.77,12.39,67.92
979,2027-06-25 21:00:26,065802h,50189396N,19806547E,447,13,2860,16.55,97537,15.74,58.75,12.40,68.4
980,2027-06-26 21:01:19,065803h,50189396N,19806547E,447,13,2859,16.54,97545,15.76,58.78,12.40,68.13
981,2027-06-27 21:02:12,065804h,50189397N,19806548E,447,13,2857,16.54,97533,15.77,58.79,12.40,68.27
982,2027-06-28 21:03:05,065805h,50189398N,19806548E,447,13,2860,16.55,97543,15.76,58.78,12.40,68.34
983,2027-06-29 21:03:58,065806h,50189399N,19806548E,447,13,2860,16.54,97539,15.74,58.77,12.40,68.46
984,2027-06-30 21:04:51,065807h,50189400N,19806548E,447,13,2857,16.54,97540,15.77,58.73,12.40,68.54
985,2027-07-01 21:05:44,065808h,50189399N,19806548E,447,13,2861,16.54,97543,15.74,58.81,12.39,68.63
986,2027-07-02 21:06:37,065809h,50189398N,19806549E,446,13,2857,16.54,97542,15.74,58.75,12.39,68.71
987,2027-07-03 21:07:30,065810h,50189398N,19806550E,446,13,2857,16.55,97542,15.73,58.79,12.39,68.8
988,2027-07-04 21:08:23,065811h,50189399N,19806550E,446,13,2859,16.56,97542,15.76,58.79,12.39,68.86
989,2027-07-05 21:09:16,065812h,50189399N,19806551E,446,13,2861,16.55,97541,15.73,58.77,12.37,68.88
990,2027-07-06 21:10:09,065813h,50189398N,19806554E,445,13,2857,16.55,97539,15.77,58.75,12.39,68.94
991,2027-07-07 21:11:02,065814h,50189399N,19806554E,445,13,2864,16.55,97542,15.74,58.8,12.40,68.96
992,2027-07-08 21:11:55,065815h,50189399N,19806556E,445,13,2860,16.55,97537,15.74,58.77,12.37,68.99
993,2027-07-09 21:12:48,065818h,50189415N,19806516E,453,13,2846,16.55,97550,15.73,58.74,12.40,68.82
994,2027-07-10 21:13:41,065819h,50189415N,19806521E,453,13,2848,16.54,97541,15.76,58.73,12.39,68.8
995,2027-07-11 21:14:34,065821h,50189414N,19806534E,450,13,2854,16.55,97542,15.79,58.75,12.39,68.9
996,2027-07-12 21:15:27,065822h,50189408N,19806541E,448,13,2859,16.56,97545,15.74,58.71,12.36,68.9
997,2027-07-13 21:16:20,065823h,50189405N,19806546E,447,13,2856,16.54,97548,15.74,58.73,12.39,68.97
998,2027-07-14 21:17:13,065824h,50189404N,19806549E,446,13,2857,16.54,97543,15.77,58.75,12.37,68.97
999,2027-07-15 21:18:06,065825h,50189403N,19806552E,446,13,2849,16.54,97544,15.76,58.73,12.39,69.3
